42,Packet Clearing House
112,AS112
286,GTT International B.V. (formerly KPN EuroRings B.V.)
553,BelWue
559,SWITCH
680,DFN Deutsches Forschungsnetz e.V.
702,Verizon Deutschland GmbH
714,Apple
1239,SprintLink Germany GmbH
1241,FORTHnet S.A.
1248,HERE Global B.V.
1267,Wind Tre S.p.A.
1273,Vodafone Enterprise Germany GmbH
1547,Tirastel GmbH
1680,Cellcom Fixed Line Communication L.P. (w.k.a. 013 Netvision Ltd)
1764,next layer Telekommunikationsdienstleistungs- und Beratungs GmbH
1820,WNET TELECOM USA Corp
1828,Unitas Global Inc
1836,green.ch AG
2119,Telenor Norge AS
2484,AFNIC
2497,Internet Initiative Japan Inc. (IIJ)
2603,NORDUnet A/S
2635,Aut O’Mattic
2686,AT&T GNS Deutschland
2818,Atos (BBC Internet Services)
2828,"XO Communications, Inc."
2854,LLC Equant
2857,Universitaet Mainz
2906,Netflix Streaming Services
2914,NTT Communications Global IP Network
3209,Vodafone AG & Co. KG
3214,xTom Limited
3216,VimpelCom (former VEON / Golden Telecom / Beeline)
3223,Voxility
3225,Gulfnet Communications Co
3252,FIBERAX NETWORKING AND CLOUD LTD
3255,UARNet
3257,"GTT Communications, Inc."
3292,TDC Tele Danmark
3303,Swisscom (Switzerland) Ltd.
3320,Deutsche Telekom AG
3326,PJSC Datagroup
3327,Linx Telecommunications BV
3356,Century Link
3462,HiNet
3549,Century Link
3580,Planet Networks
3741,Internet Solutions a Division a Dimension Data  (Pty) Ltd & Sage Softline
3786,LG U+
3856,Packet Clearing House
3910,CenturyLink
4134,China Telecom (Europe) Ltd.
4589,Easynet LTD.
4637,Telstra Limited
4651,National Telecom Public Company Ltd.
4657,StarHub Ltd.
4766,KT Corporation (Korea Telecom)
4775,Globe Telecom / Innove
4788,Telekom Malaysia Berhad
4837,China Unicom (Europe) Operations Limited
5400,BT
5404,Conova Communications GmbH
5409,toplink GmbH
5410,Bouygues Telecom
5413,Daisy Communications Ltd.
5430,freenet AG
5464,Zurich Datacenter AG
5511,Open Transit Internet (OTI)
5539,SpaceNet AG
5560,Belgacom International Carrier Services / BICS
5563,CJSC URAL WES
5578,"SWAN, a.s. / Benestra, s.r.o."
5588,GTS Central Europe Holding and Advisory Kft
5603,Telekom Slovenije d.d.
5605,NetUSE AG
5606,GTS Telecom S.R.L
5713,Telkom South Africa Limited (a.k.a. Openserve)
6083,Posix Systems CC
6233,xTom
6412,Zajil International Telecom Company
6447,RouteViews
6453,Tata Communications
6461,Zayo Group
6507,Riot Games Ltd
6661,Post Group Luxembourg
6663,Türk Telekom International HU Kft.
6667,Elisa Oyj
6682,GNC-ALFA CJSC
6697,Beltelecom
6730,Sunrise Communications AG
6735,sdt.net AG
6762,Telecom Italia Sparkle Spa
6768,Eurotele-Plus LLC
6774,Belgacom International Carrier Services / BICS
6805,Telefonica Deutschland GmbH
6866,Cyprus Telecommunications Authority (CYTA)
6876,TENET Scientific Production Enterprise LLC
6898,SERVER.swiss SAGL
6908,Datahop Limited / Six Degrees Group
6939,Hurricane Electric
7195,EdgeUno Inc.
7342,VeriSign
7363,Yomura Holdings
7473,Singtel (Europe) Limited
7552,Viettel Telecom Corporation International Business Center
7713,PT Telekomunikasi Indonesia
8075,Microsoft Corporation
8218,Zayo France
8220,COLT Telecom Group plc
8245,Video-Broadcast GmbH
8262,EVOLINK A.D.
8302,Zattoo Europa AG
8304,Ecritel
8308,Naukowa I Akademicka Siec Komputerowa jbr
8319,NETHINKS GmbH
8339,Kabelplus GmbH
8359,Mobile TeleSystems PJSC
8365,MANDA Darmstadt Scientific community MAN
8374,Polkomtel Sp. z o.o.
8391,Knipp Medien und Kommunikation GmbH
8400,Telekom Srbija
8403,Spotify GmbH
8422,NetCologne GmbH
8426,Claranet GmbH
8447,A1 Telekom Austria TA AG
8452,Telecom Egypt
8455,atom86
8462,TARR KFT
8468,ENTANET International Ltd
8469,PIRONET NDH AG
8473,Bahnhof AB
8513,SkyVision Global Networks LLC.
8529,Oman Telecommunications Company
8544,PrimeTel PLC
8551,Bezeq International Ltd.
8560,1&1 IONOS SE
8632,Luxembourg Online SA
8637,SpainWisp S.L.
8641,Nauka-Svyaz Company Ltd.
8647,IP Port LLC
8648,KAMP Netzwerkdienste GmbH
8657,MEO - SERVICOS DE COMUNICACOES E MULTIMEDIA S.A.
8674,Netnod Internet Exchange
8677,Atos Worldline
8708,RCS & RDS
8717,Spectrum Net / A1.bg
8732,"JSC ""COMCOR"" Otdel Mezhoperatorskogo Vzaimodeistvia"
8741,ratiokontakt GmbH
8752,ASVT
8757,NSFOCUS Inc.
8758,iWay AG
8763,DENIC eG
8764,"TEO LT, AB"
8767,M-net Telekommunikations GmbH
8781,Ooredoo Qatar
8804,regio[.NET] Upstream GmbH & Co. KG
8821,WWZ Telekom AG
8823,Rockenstein AG
8839,SDV Plurimedia
8859,OSN Online Service Nuernberg GmbH
8866,Bulgarian Telecommunication Company Plc.
8878,NFON AG
8879,DTS Systeme GmbH
8881,1&1 Versatel Deutschland GmbH
8893,Artfiles New Media GmbH
8926,MOLDTELECOM S.A.
8932,Ucom CJSC
8953,Orange Romania SA
8966,Emirates Telecommunications Corporation (Etisalat) AS8966
9002,RETN Ltd
9009,M247 Ltd
9022,TWL-KOM GmbH
9029,HomeTV Pro
9031,EDPnet nv
9036,Neuronnexion 
9038,Umniah Mobile Company
9044,SolNet - Internet Solution Provider BSE Software GmbH
9050,TELEKOM ROMANIA COMMUNICATIONS S.A.
9063,VSE NET GmbH (a.k.a. ARTELIS)
9116,Partner Land-Line Communications Solutions LP
9119,Softnet
9121,Turk Telekom
9136,WOBCOM GmbH (a.k.a. Wobline)
9145,EWE TEL GmbH
9211,n@work Internet Informationssysteme GmbH
9269,Hong Kong Broadband Network Ltd
9299,Philippine Long Distance Company
9304,HGC Global Communications Limited
9318,SK broadband
9381,Wharf T&T Ltd
9498,Bharti Airtel Limited
10122,Bigo Technology Pte. LTD
10158,Kakao Corp.
10282,Orange Business Services
10310,Oath (EMEA) Limited
11432,Telium
12041,Afilias Limited
12189,PhoenixNAP
12301,Invitech Solutions Zrt
12306,Plus.line AG
12312,ecotel communication ag
12316,Finanz Informatik Technologie Service GmbH & Co. KG
12322,Free SAS
12329,Telekommunikation Mittleres Ruhrgebiet GmbH
12337,noris network AG
12348,ODN OnlineDienst Nordbayern GmbH & Co. KG
12355,HeLi NET Telekommunikation GmbH & Co. KG
12360,KEVAG Telekom GmbH
12389,Rostelecom OJSC
12399,Scan Plus GmbH
12440,Hughes Network Systems GmbH
12453,KraftCom
12470,GLOBE Development GmbH Backbone Germany
12480,ILK Internet GmbH
12494,POST Ltd
12496,IDNet LTD
12510,SAP AG Internet Services
12531,Visable GmbH
12552,IP-Only Networks AB
12577,mmc kommunikationstechnologie gmbh
12578,SIA Lattelecom
12625,Deutsche Boerse AG
12654,RIPE NCC RIS Project
12676,HKN GmbH
12678,Badoo Technologies Limited
12680,Gruner + Jahr GmbH & Co KG
12684,SES Engineering (Luxembourg) s.à r.l.
12693,e.discom Telekommunikation GmbH
12695,Digital Network JSC
12709,Melita LTD
12713,OTE GLOBAL SOLUTIONS S.A.
12714,NetByNet Holding
12731,IPHH Internet Port Hamburg GmbH
12732,d-hosting GmbH
12741,NETIA S.A.
12748,IAV GmbH
12759,Soco Network Solutions GmbH
12779,IT.Gate S.p.A.
12808,dtms GmbH
12843,TelemaxX Telekommunikation GmbH
12849,HOT-NET Internet Services Ltd.
12850,Enter Srl
12857,Fujitsu TDS GmbH
12859,BIT BV
12874,FASTWEB S.p.A.
12883,Ucomline LTD - PrJSC Farlep-Invest - Vega Telecom
12886,LEWTelNet GmbH
12888,Amadeus Data Processing GmbH
12897,ENTEGA Medianet GmbH
12923,Wizard Computersysteme GmbH
12931,IDKOM Networks GmbH
12941,intersaar GmbH
12956,"Telxius Cable España, S.L."
12963,"Scientific-Industrial Firm ""Volz"" Ltd"
12975,PALTEL
13000,LEON Sp. z o.o.
13002,Linkey
13030,Init7
13039,Global Village GmbH
13045,htp GmbH
13054,FreiNet GmbH
13101,ennit server GmbH
13122,Manx Telecom Limited
13124,Blizoo Media and Broadband EAD
13132,cyberways Informationsdienste GmbH
13157,GOPAS Solutions GmbH
13193,NERIM
13194,UAB Bite Lietuva
13213,"Hosting Services, Inc. (parent organization Virtual Internet (UK) Ltd)"
13237,euNetworks
13249,PJSC Datagroup
13285,TalkTalk Communications Ltd
13287,NIXVAL
13335,"Cloudflare, Inc"
13414,Twitter Inc.
13445,Cisco WebEx
13445,Cisco WebEx
13768,Peer1 Hosting
13786,Seabras 1 USA LLC
13896,Fuze Inc.
14061,Digital Ocean Inc.
14061,Digital Ocean Inc.
14340,"Salesforce.com, Inc."
14630,"Invesco Group Services, Inc."
14840,Commcorp Telecomunicações
15133,Verizon Digital Media Services (a.k.a. VDMS / EdgeCast Networks)
15169,Google Inc
15366,DNS:NET Internet Service GmbH
15412,Global Cloud Xchange
15447,CM.com Netherlands B.V.
15456,InterNetX GmbH
15547,netplus.ch SA
15557,Neuf Cegetel IP NETWORKS
15594,[netzquadrat] GmbH
15598,Plusnet GmbH
15600,Finecom Telecommunications AG
15605,Connesi s.p.a.
15606,Naukowa I Akademicka Siec Komputerowa jbr
15672,Telecom TZ Ltd.
15695,Expereo International
15702,Onstage Online GmbH
15704,Xtra Telecom S.A.U.
15743,net.DE AG
15763,DOKOM Gesellschaft fuer Telekommunikation
15802,Emirates Integrated Telecommunications Company PJSC (du)
15805,Epic Ltd.
15817,Mittwald CM Service GmbH & Co. KG
15830,Equinix
15895,Kyivstar JSC
15925,nexiu GmbH
15933,ith Kommunikationstechnik GmbH
15943,wilhelm.tel GmbH
15958,CETIN Ltd. Belgrade
15960,Global Access Internet Services GmbH
15965,CEGECOM S.A.
15966,Emango Internet Services BV
16024,GELSEN-NET Kommunikationsgesellschaft mbH
16097,HL komm Telekommunikations GmbH
16211,Stella Telecom
16265,LeaseWeb BV
16276,OVH
16316,TMT GmbH & Co. KG
16347,ADISTA SAS
16509,Amazon
16552,Tiggee LLC
16839,"SERVICENOW, INC."
17511,OPTAGE Inc. (former K-Opticom)
17557,Pakistan Telecommunication Company Limited (PTCL)
17639,Converge ICT Solution Inc
18001,Dialog Axiata PLC
18059,PT DWI TUNGGAL PUTRA
18106,ViewQwest Private Limited
18403,FPT Telecom JSC
18676,Avaya Deutschland GmbH
19186,GMCHosting LLC
19318,"InterServer, Inc"
19551,Imperva
19711,Eswatini Posts and Telecommunication Corporations
19969,"Joe's Datacenter, LLC"
20278,"Nexeon Technologies, Inc."
20459,Telecom Namibia LTD
20473,Choopa LLC (a.k.a. Vultr)
20485,JSC TransTeleCom Company
20546,Myra Security GmbH
20562,Broadband Hosting B.V. (formerly Open Peering B.V.)
20633,Johann Wolfgang Goethe Universitaet Frankfurt
20640,Titan Networks GmbH
20647,I/P/B/ Internet Provider in Berlin GmbH
20676,Plusnet GmbH
20686,Bisping & Bisping GmbH & Co. KG
20764,CJSC Rascom
20771,Caucasus Online Cable System
20773,Host Europe GmbH
20783,pop-interactive GmbH
20792,VISTEC Internet Service GmbH
20804,EXATEL S.A.
20810,Netcom-Kassel
20811,Brennercom Deutschland GmbH
20830,The Cloud Networks Germany GmbH
20847,Previder B.V.
20849,Continum AG
20853,Datahouse sp. z.o.o.
20886,bn:t Blatzheim Networks Telecom GmbH
20928,Noor Data Network SAE
20932,Service Industriels de Geneve
20940,"Akamai Technologies, Inc."
21013,eww ag ITandTEL
21030,CDNNOW LLC
21056,WELCOME ITALIA SPA
21161,Bechtle AG
21245,Medianova Internet Hizmetleri A.S.
21263,TeleData GmbH
21277,Newroz Telecom Ltd.
21320,DANTE Ltd / GEANT
21336,Inforent GmbH
21345,Symantec Corporation
21385,Trusted Network GmbH
21409,Ikoula
21413,envia TEL GmbH
21473,Pfalzkom GmbH
21476,all-connect Data Communications
21497,Vodafone Ukraine PrJSC
21574,Century Telecom Ltda
21859,Zenlayer
22300,"Fandom, Inc. (w.k.a. Wikia, Inc.)"
22356,Durand do Brazil
22381,Megatelecom Telecomunicacoes Ltda
22697,Roblox Corporation
22822,Limelight Networks
23201,TIGO- Telefonía Celular del Paraguay S.A.E. (Telecel S.A.E.)
23393,ISPrime LLC
23576,Naver
23764,China Telecom (Europe) Ltd.
23944,SKY Cable Corporation
24088,Hanoi Telecom Corporation
24218,TIME DotCom / Global Transit Communications
24232,NTT GLOBAL Networks
24429,Alibaba Cloud CDN
24482,SG.GS Pte Ltd
24582,CANCOM synaix GmbH
24611,DATACENTER Luxembourg S.A.
24637,WEBDISCOUNT GmbH & Co. KG
24679,Hostway Deutschland GmbH
24724,ATM S.A.
24940,Hetzner Online GmbH
24953,NETPLANET GmbH
24961,myLoc managed IT AG
24989,Equinix
25068,Konicaminolta
25081,Heidelberg IT Management GmbH & Co.KG
25091,IP-Max SA
25133,CastLake
25152,K-ROOT-SERVER
25160,Vorboss Limited
25178,Keycom PLC / Optify
25180,Exponential-e Ltd
25192,CZ.NIC z.s.p.o.
25220,equada GmbH
25279,Treml & Sturm Datentechnik GmbH
25291,SysEleven GmbH
25369,Hydra Communications Ltd
25394,MK Netzdienste GmbH & Co. KG
25415,ADDIX Internet Services GmbH
25516,]init[ AG
25521,"PJSC ""Industrial Media Network"""
25560,rh-tec Business GmbH
25595,Slashme BV
25818,CMC Networks
26667,Magnite
27281,Quantcast
27381,Index Exchange
28126,BRISANET SERVICOS DE TELECOMUNICACOES LTDA
28202,MASTER - Rede Brasileira de Comunicacao Ltda.
28210,vm openlink comunicacao multimidia ltda
28283,Adylnet Telecom
28329,G8
28330,IFTNET TELECOM
28338,NB Telecom
28598,Mob Telecom
28634,Life Tecnologia Ltda.
28663,Flys Interativa Ltda
28676,WITCOM GmbH
28716,Retelit S.p.A.
28725,CETIN a.s.
28748,AlphaCron Datensysteme
28760,Info Tech EDV-Systeme GmbH
28801,Hotel Reservation Service Robert Ragge GmbH
28876,süc//dacor GmbH
28889,LinzNet Internet Service Provider GmbH
28917,TRC FIORD
28979,dmTECH GmbH
29014,ScaleUp Technologies GmbH & Co. KG
29037,teliko GmbH
29049,Delta Telecom LTD
29075,IELO-LIAZO GROUP
29076,Filanco Europe Ltd.
29081,WVNET GmbH
29140,Hostserver GmbH
29169,Gandi SAS
29182,ISPsystem
29208,Dial Telecom A.S.
29226,Mastertel
29286,Skylogic S.p.A. Unipersonale
29314,Vectra S.A.
29404,Elbracht-Computer Netzwerk & Grafik Service GmbH
29413,Komro GmbH
29430,Audatex (Switzerland) LLC
29467,Luxnetwork S.A.
29535,Orange Polska
29545,iPlace Internet & Network Services GmbH
29624,iWelt GmbH + Co. KG
29632,NetAssist LLC
29670,Individual Network Berlin e.V.
29686,Probe Networks
29697,Commercial Network Services
29802,Hivelocity Ventures Corp
29838,Atlantic Metro Communications
29990,"AppNexus  Inc. (parent organization Xandr, Inc.)"
30081,"CacheNetworks, Inc."
30094,"Giganews, Inc."
30103,Zoom Video Communications
30766,GGEW net GmbH
30781,Jaguar Network SAS
30844,Liquid Telecom
30889,Waycom
31019,Meanie
31025,INTERNET AG Global Network GHOSTnet
31027,GlobalConnect NN A/S
31029,Mihaylov TV LTD
31042,Serbia Broadband
31059,Avelacom Ltd.
31103,Keyweb AG
31133,PJSC MegaFon Network
31216,BSO Network Solutions
31229,BEYOND PL (DE)
31242,TKP S.A. Slaskie Sieci Swiatlowodowe
31252,Starnet SRL
31261,GARS Telecom - Telecommunications Management LLC
31287,IPACCT Ltd.
31317,AnschlussWerk GmbH
31319,ESTRACOM SPA
31399,Daimler AG
31400,Accelerated IT Services & Consulting GmbH
31449,Belcenter
31500,GlobalNET JSC
31510,IKB Innsbrucker Kommunalbetriebe AG
31529,DENIC eG
31638,Lepida SpA
31898,ORACLE Deutschland B.V. & Co. KG
32261,Subspace Communication LLC
32425,Pixel Factory Data Center
32590,Valve Corporation
32787,Akamai Prolexic
32934,"Facebook, Inc."
33011,Box.com
33082,"Internet Systems Consortium, Inc."
33353,"Gaikai, Inc."
33438,"StackPath, LLC."
33843,ISP Service eG (formerly Interscholz Internet Services GmbH)
33848,Porsche AG
33891,AS33891 Netzbetrieb GmbH aka Core-Backbone
33922,UAB Nacionalinis telekomunikacijų tinklas
33932,"Minorisa de Sistemas Informáticos y de Gestión, S.L."
33986,Redder Telco
34019,Hivane
34086,T-Systems International GmbH
34177,Celeste
34224,Neterra Ltd.
34288,Kantonsschule Zug
34309,Link11 GmbH
34347,HALLAG Kommunal GmbH
34432,Profihost AG
34549,meerfarbig GmbH & Co. KG
34569,Networx Bulgaria
34624,Megaspace Internet Services GmbH
34641,Pascard Luc
34655,JWE SÀRL
34758,Interplanet S.r.l
34772,Neotel DOO
34788,Neue Medien Muennich GmbH
34854,Staclar Carrier Ltd.
34863,HEXANET
34867,Cosmonova LLC
34872,Cedric Rossius
34895,hostNET Medien GmbH
34927,iFog GmbH
34953,RelAix Networks GmbH
34966,Ralf Bender RB C+C
34984,Superonline Iletisim Hizmetleri A.S.
35180,BroadSoft Ltd.
35205,BNMG Brandenburgische Netz- und Media-Service GmbH
35213,Kompjuternie Merezhi
35258,akquinet outsourcing gGmbH
35280,ACORUS NETWORKS SAS
35297,Dataline LLC
35311,PR-TELECOM Zrt
35313,Infonas W.L.L.
35320,Eurotranstelecom LLC (a.k.a. VTEL GmbH)
35432,Cablenet Communication Systems Ltd.
35522,JSC Capital
35574,SED Multitel s.r.l.
35598,INETCOM LLC
35661,VIRTUA SYSTEMS SAS
35710,Weber eBusiness Services GmbH
35717,WEBEDIA SA (a.k.a. L'Odyssee Interactive Jeuxvideo.com)
35753,Integrated Telecom Company (ITC) / Salam.sa
35793,Acronis Germany GmbH
35805,JSC SILKNET
35819,Etihad Etisalat Company (Mobily) AS35819
36236,"Host Virtual, Inc ( NetActuate Inc.)"
36351,"SoftLayer Technologies, Inc. (an IBM Company)"
36459,GitHub BV
36692,"OpenDNS, Inc"
36994,Vodacom (Pty) Limited
37009,"Mobile Telecommunications, Ltd."
37100,SEACOM Limited
37271,Workonline Communications (Pty) Ltd.
37282,MainOne Service Company Fabac Centre
37468,Angola Cables
37558,LIBYAN INTERNATIONAL TELECOMMUNICATION COMPANY
37564,WIRULink (Pty) Ltd
37640,Cape Connect Internet (Pty) Ltd
37721,Virtual Technologies & Solutions SA
38016,Nokia IP/Optical Networks Labs
38040,TOT Public Company Limited
38193,Transworld Associates (Pvt) Ltd.
38195,Superloop Ltd
38644,INTERNET MULTIFEED CO.
38880,Micron21 Datacentre
38946,"LLC ""SMARTMEDIANETWORK"""
39018,Nodion GmbH
39063,Leitwert GmbH
39090,Brandl Services GmbH
39120,Convergenze S.P.A.
39122,Blacknight Internet Solutions Ltd.
39216,AlsardFiber Group
39257,Interactive Network Communications GmbH
39279,Information Technology and Cyber Security Service P.I.
39351,31173 Services AB
39386,Saudi Telecom Company
39499,HAWE Telekom Sp. z o.o.
39533,Asympto Networks Kft
39560,KT-NET Communications GmbH
39572,DataWeb Global Group B.V.
39642,"Stofa A/S (a.k.a. Norlys Tele, Sydenergi)"
39651,ComHem AB
39702,S-IT Informationstechnologie Betreiber GmbH & Co. KG
39737,Netvision Telecom
39835,GöTel GmbH
39878,Peter Rauter GmbH
39899,Natixis
39912,Oja.at GmbH
39915,Premiere Conferencing Ireland Ltd.
40627,RingCentral UK
41033,D2 CLOUD COMMUNICATIONS LTD
41095,IPTP Networks
41114,OrneTHD SPL
41268,LanTa ltd.
41275,Lovitel Ltd
41289,Deutscher Wetterdienst
41313,NOVATEL EOOD
41327,Fiber Telecom (Italia) S.p.A.
41412,MIVITEC GmbH
41552,mobile.international GmbH
41552,mobile.international GmbH
41690,DailyMotion
41692,OpenCarrier eG
41820,Novi Informatsiyni Systemy
41998,NetCom BW GmbH
42102,L&R NetCon GmbH & Co. KG
42184,tkrz Stadtwerke GmbH
42385,JSC MSK-IX
42390,The Cloud Networks Germany GmbH
42411,Taqnia Space Co.
42416,Comnet Internetional B.V.
42459,Fiber Optics Bulgaria Ltd
42587,Magna International Inc.
42605,Ratiodata AG
42624,Simple Carrier LLC
42649,Baffin Bay Networks
42652,Inexio Informationstechnologie und Telekommunikation GmbH
42708,Portlane Networks AB
42739,HAWE Telekom Sp. z o.o.
42841,ANTIK Telecom s.r.o.
42861,Foton Telecom
42893,NEWlink
42947,Telfy Telecom S.L.
42965,net services GmbH & Co. KG
43009,INFOBIP LIMITED
43140,TELEflash GmbH
43341,MDlink online service center GmbH
43350,NFOrce Entertainment B.V.
43407,INFOnline GmbH
43467,EWBCD GmbH
43509,Bank Verlag GmbH
43530,Irtelecom
43561,NET1 Ltd.
43566,tyntec GmbH
43623,ARD-Sternpunkt
43727,Kvant-Telecom CJSC
43996,Booking.com BV
44020,Modern Solutions  LTD
44030,OtradnoeNet Ltd
44053,UNILINK LLC
44066,diva-e Datacenters GmbH
44356,Epsilon Telecommunications Ltd.
44444,Forcepoint
44530,HOPUS
44592,SkyLink Data Center BV
44600,Gigatrans LLC
44654,Media Network Services AS
44814,Bulgartel EAD
44843,OBTEL Ltd.
44901,BelCloud Hosting Corporation
44927,LLC Telecom MPK
44943,Ramtel Ltd.
44973,Rechenzentrum Hassfurt GmbH
44974,RegioNet Schweinfurt GmbH
44981,Oosha Limited
45102,Alibaba Group
45204,Gemnet LLC
45352,IP Serverone Solutions Sdn. Bhd.
45474,Nexusguard Limited
45489,Sri Lanka Telecom
45758,TripleT Internet Internet service provider Bangkok / JasTel
45899,Vietnam Telecommunications International (VNPT-I)
46489,Twitch
46786,"IP Transit, Inc."
47138,PLANinterNET GmbH
47147,ANEXIA Internetdienstleistungs GmbH
47169,MVM NET
47195,Gameforge 4D GmbH
47215,filoo GmbH
47254,Ericsson Edge Gravity Inc.
47321,MOU IIF
47372,Bringe Informationstechnik GmbH
47447,23media
47531,GorPTUs
47605,FNE-Finland Oy
47622,Datatech UK Ltd
47626,LLC ArpNet
47692,Nessus GmbH
47869,Netrouting
47872,Sofia Connect EOOD
47895,"LTD ""Erline"""
47957,Ingenico France
48152,Digital Frankfurt GmbH
48166,DWDM.RU LLC
48173,The unbelievable Machine Company GmbH
48200,Opteamax GmbH
48314,IP-Projects GmbH & Co. KG
48347,JSC Mediasoft ekspert
48362,Stadtwerke Feldkirch
48484,IGN GmbH
48641,Syntegra Telecom LLC
48646,Stefan Dunkel
48719,INTELSVYAZ
48821,Mauve Mailorder Software GmbH & Co KG
48858,Milecom
48918,Datacenter One GmbH
48919,Uacity LLC
49009,Freifunk Rheinland e.V.
49024,FHE3 Datacenter GmbH
49121,"Infinity Telecom, s.r.o"
49183,Galichina Telekommunication Ltd.
49505,Selectel Ltd.
49544,i3D.net B.V.
49588,CDC-Skhid Ltd.
49605,Digital Telecommunication Services S.R.L.
49666,Telecom Infrastructure Company of the I.R.
49697,Joey Julian König
49724,JSC Vainah Telecom
49759,"SerDiTeleCom, LTD"
49808,Energie AG Oberösterreich Telekom GmbH
49824,Astra Lviv
49830,RESET LLC
49958,Evolution Latvia SIA
49981,WorldStream B.V.
50010,Omani Qatari Telecommunications Company SAOG (Oordeoo Oman)
50020,RACCOM AD
50061,PwC IT Services Europe GmbH
50073,Mips group LLC
50157,"FDNT ""InData"""
50245,Serverel
50287,Audatex UK Ltd
50324,Hofnetz & IT Services GmbH
50384,OOO IHOME (W-IX Ltd)
50469,HessenKom GmbH & Co. KG
50472,Chaos Computer Club e.V.
50495,web2objects GmbH
50509,transroute.net
50533,I.T.E.N.O.S. GmbH
50581,Ukrainian Telecommunication Group Ltd.
50629,LWLcom GmbH
50643,"Lurenet, PE"
50837,CLOUDSIGMA AG
50923,Metroset Ltd.
51028,JSK Severnoe Volokno
51095,EdgeUno Inc.
51167,Contabo GmbH
51184,Mediainvent Service GmbH
51185,Onecom Global Communication LTD
51254,Giants For Renting Computer Systems Company W.L.L.
51310,MATRONIX
51324,EXARING AG
51343,ForceLine
51468,one.com
51483,SaSG GmbH & Co. KG
51492,Aquilius Research GmbH
51531,DE-CIX Management GmbH
51795,TV1 GmbH
51862,ProfitBricks GmbH
51865,DIDWW Ireland Limited
52091,Level-MSK LLC
52320,"GlobeNet Cabos Submarinos America, Inc."
52551,SAMM
52568,TOOLSNET TELECOMUNICACOES LTDA - ME
52866,IVeloz Telecom Serv. em Telecomunicacoes LTDA
52873,Softdatos Telecomunicaçoes
52937,FHP TELECOM
53013,WIXNET DO BRASIL
53137,TCA Internet
53162,VOIPGLOBE SERVICOS DE COMUNICACAO MULTIMIDIA VIA INTERNET LTDA
53180,Infortel Telecomunicacoes e Servicos EIRELI - ME
53264,New Continuum Holdings
53889,"Micfo, LLC."
54113,Fastly
54312,Zeta Global Corp
54825,Packet Host Inc.
54994,Quantil Networks Inc (a.k.a. Wangsu Science and Technology Co)
55195,Canadian Internet Registration Authority
55256,Netskope Inc
55805,MobiCom
55818,PT. NAP Info Lintas Nusa
55967,Baidu (Hong Kong) Limited
56357,Technische Universität München
56381,level66.network UG (haftungsbeschränkt)
56630,Melbikomas UAB
56662,e-utp.net
56665,Proximus Luxembourg S.A.
57073,LLC Wildberries
57119,NAITWAYS s.a.r.l.
57344,Telehouse AD
57353,vitroconnect GmbH
57463,NetIX Communications
57537,Net-D-Sign GmbH
57695,"Misaka Network, Inc."
57704,SpeedClick for Information Technology and Communication Ltd
57928,PRODWARE FRANCE
57976,Blizzard Entertainment SAS
58010,uvensys GmbH
58057,Securebit AG
58212,PHP-Friends GmbH
58243,TELE AG
58299,Openfactory GmbH
58307,UnitelMedia (a.k.a. Internet Exchange Point Radom)
58453,China Mobile International (UK) Limited
58511,Connectivity I.T
59507,terralink networks GmbH
59605,Zain Group
59624,"National Research Centre “Kurchatov Institute‿,AS-KIAE-GRID,https://apps.db.ripe.net/db-web-ui/#/query?bflag&source=RIPE&types=as-set&searchtext=AS-KIAE-GRID,ACTIVE,Open,
59655,https://stat.ripe.net/as59655,ForexTime Ltd"""
59675,mywire Datentechnik GmbH
59796,Storm Systems LLC
59890,Kabel-TV Lampert GmbH & CoKG
59947,LLHost Inc.
60051,EarthLink Telecommunications Equipment
60169,G-FIT GmbH & Co. KG
60171,AFR-IX Telecom
60280,National Traffic Exchange Center
60294,Deutsche Glasfaser
60350,vente-privee.com Deutschland GmbH
60447,I NET Bulgaria EOOD
60476,My.com B.V.
60501,Sirius Technology
60522,KomMITT-Ratingen GmbH
60544,LLC Runet Business Systems
60720,Telenet Solution Ltd
60764,TK Telecom
60822,WISPONE SRL
60890,CentralNic Ltd.
60979,KPMG IT Service GmbH
61098,Akenes S.A.
61244,GFN Glasfasernetz Olfen GmbH
61266,Jehovas Zeugen in Deutschland
61317,Digital Energy Technologies
61438,ip-it consult GmbH
61573,IP2TEL - YES COMMUNICATIONS
61599,Eaí Telecomunicacoes Ltda
61817,Rapido Internet Banda Larga
61832,Fortel Forteleza Telecomunicacoes Ltda
61955,ColocationIX GmbH
62023,NYNEX satellite OHG
62044,"Zscaler, Inc."
62166,Spadhausen srl Unipersonale
62240,Clouvider Limited
62275,NHM - S.R.L.
62336,PURtel.com GmbH
62336,PURtel.com GmbH
62363,Ertl & Gross OG
62365,SachsenGigaBit GmbH
62663,Telecall
62955,"eBay, Inc"
63199,"CDS Global Cloud Co., LTD"
63311,20C
63927,RISE
63949,Linode
64049,Reliance Jio Infocomm Ltd
64096,Internet Harbor International Co. Limited
64271,"rixCloud, Inc."
64475,Freifunk Frankfurt am Main e.V
64597,Renesys Corporation (a.k.a. Oracle/Renesys Internet Intelligence Group)
131314,China Broadband Communications
132203,Tencent
132876,Symphony Communication Public Company Limited
136106,PT Mega Akses Persada
136907,"Huawei Software Technologies Co., Ltd."
137409,GSL Networks
137991,Lifeway Singapore Pte. Ltd.
138322,Afghan Wireless Communications Company
138915,Kaopu Cloud HK Limited
139742,"Peddie Institute Co., Ltd"
196610,DE-CIX Academy
196714,Thüringer Netkom GmbH (a.k.a. encoLine)
196819,Demando GmbH
196844,Poznan Supercomputing and Networking Center
196879,Volkhov-Online LLC
196922,Hofmeir Media GmbH
196925,Azertelecom LLC
196954,epcan GmbH
196968,Ilm-Provider UG
197062,R-PHARM
197063,PFALZconnect GmbH
197071,active-servers
197440,CNR - Istituto di Informatica e Telemati
197524,CCNST Christof Englmeier e.K
197637,ropa GmbH & Co. KG
197790,Actus-Info Sp. z o.o
197915,All for One Group SE
197964,Julius Blum GmbH
197965,ahd GmbH & Co. KG
197981,InterCloud
198018,trivago
198249,Ops One AG
198290,GITS Global IT Services PSF Luxembourg
198385,AlpineDC SA
198570,Stadtnetz Bamberg Gesellschaft fuer Telekommunikation mbH
198726,Thüga SmartService GmbH
198781,Connect Managed Services (UK) Limited
198930,Vereinigte Stadtwerke Media GmbH
198967,BITel Gesellschaft fuer Telekommunikation mbH
199163,Datagroup Frankfurt GmbH
199284,Thüringer Netkom GmbH (a.k.a. encoLine)
199284,Thüringer Netkom GmbH (a.k.a. encoLine)
199330,CentralNic Ltd.
199421,Media Exchange GmbH / MTI Teleport München GmbH
199483,NX0 France
199524,G-Core labs S.A
199599,"Telecom-Birzha, LLC"
199610,marbis GmbH
199790,IP Telecom Bulgaria Ltd.
199995,Omega Telecom LLC
200062,centron GmbH
200185,Aruba S.p.A.
200187,CloudKleyer Frankfurt GmbH
200278,KNT Internet
200392,Netcom Connected Services GmbH
200561,Broadsoft Germany GmbH
200612,GBI HQ Coöperatief UA
200738,"Interfibra Telecomunicaciones, S.L."
200780,Appliwave
200924,Stiegeler Internet Service GmbH
201053,epix - Stowarzyszenie e-Poludnie
201119,Icewood LLC
201201,Duomenu logistikos centras
201213,DARZ GmbH
201701,Freifunk Rheinland e.V.
201746,Olivenet Network S.L.
201764,mgm technology partners GmbH
201811,Austole s.r.o.
201962,RSM Freilassing
201971,CreeperHost LTD
202053,Upcloud Ltd
202196,Booking.com BV
202499,Campus Networks & Events GmbH
202566,questnet GmbH
202592,area-7 IT-Services GmbH
202707,omnidat GmbH
203329,NTT GDC EMEA GmbH
203347,Yalwa GmbH
203440,linefinity networks GmbH
203507,Avira Operations GmbH & Co. KG
203536,FNOH-DSL Suedheide GmbH
203724,Intel Deutschland GmbH
203968,aiticon GmbH
204109,Hillenbrand Germany Holding GmbH
204577,LinzNet Internet Service Provider GmbH
204805,Voiped Telecom
205112,PHILUNET GmbH
205321,itk communications GmbH
205388,Metaliance ISP Systems e.k
205460,RegionSvayz LTD
205473,SAWAD LAND for Information Technology Ltd.
205530,"DE-CIX Management GmbH, Research & Development"
205614,Medialine Eurotrade AG
205678,peoplefone GmbH
205769,Mainzer Breitband GmbH
205843,AR Media Service GmbH
205844,Stadtwerke Schorndorf GmbH
205881,MAN Truck & Bus AG
206053,PE Besman Anastasia Aleksandrovna
206141,Duisburger Versorgungs- und Verkehrsgesellschaft mbH
206264,Amarutu Technology Ltd.
206295,"JSC ""Medsi group"""
206313,Freifunk Nordwest e.V
206356,Freifunk Essen e.V.
206479,JPBE Network
206499,M&M Networks
206610,MIXvoip S.A.
206775,novomind AG
206813,Verein 4830.org
206825,brain4kom AG
206892,Rendszerinformatika Zrt.
207063,Kentik Technologies Inc.
207613,Steffen Vogel
207701,Talia Deutschland GmbH
207790,SWN Stadtwerke Neumünster Beteiligungen GmbH
207811,SuperCell Network
208196,Dorian Galiana
208722,Yandex Europe B.V.
208766,ISS Facility Services Holding GmbH
209014,ITgration GmbH
209102,Alfa Service
209110,AMPAREX GmbH
209400,KurpfalzTel Gesellschaft für Telekommunikation mbH
209824,GS WEBSERVICES
210226,Windcloud 4.0 GmbH
211945,TargetSpot Belgium
212179,ecotel communication ag
212567,Freie Netze München e.V.
212794,hybris GmbH
212795,Fraunhofer-Gesellschaft zur Foerderung der angewandten Forschung e.V
213151,AS213151 LLC
213330,Datacenter-Flo.de
213395,NetX Networks a.s
262354,Ligue Telecomunicaµes LTDA
262372,KNET PROVEDOR
262376,NOVANET TELECOMUNICAÇAO LTDA
262503,Wiki Telecom
262571,SM Networks
262589,INTERNEXA S.A.
262632,Grajaunet Telecomunicacoes
262773,ONDANET
263009,FORTE TELECOM
263073,DTEL
263210,HV TELEVISION S.A.S
263237,PowerHost Telecom SPA
263276,BBG TELECOM LTDA ME
263324,NET&COM SERVICOS DE INFORMATICA E TELECOMUNICACOES LTDA
263421,NR Telecom EIRELI - ME
263432,Corporativa Telecom
263482,Megalink Servicos Ltda
263541,IMF NetWork & Data
263626,G-LAB Telecom Informatica LTDA - ME
264144,ASAP GLOBAL TELECOM
264562,TEX NET SERVIOS DE COMUNICAO EM INFORMATICA LTD
265269,MEGA TELEINFORMATICA EIRELI
265347,BITAL INTERNET
266445,Sea Telecom LTDA
266925,UPIX NETWORKS INTERNATIONAL LLC
267056,EVEREST RIDGE CONSULTORIA EM REDES DE COM LTDA
267613,ELETRONET SA
268696,TUDDO INTERNET LTDA
268976,Weclix
269194,STARONE INTERNET
328320,Kurlec Wireless (PTY) Ltd
328832,Network Platforms
394354,Canadian Internet Registration Authority
394625,White Label IT Solutions
396986,ByteDance Inc
398042,"Ixpanse, LLC"
398131,PowerHost LLC
1257,Tele2 Sverige AB
6775,Fink Telecom Services
8309,SIPARTECH Sarl
15694,ATM S.A.
17117,"RITSnet, Inc."
24723,ATM S.A.
49572,Fujitsu Ltd
205356,SAP SE
262532,VAS Freitas Servicos de Internet Ltda
398465,Rackdog LLC
