artist_id,artist_name
5781,薛之谦
2116,陈奕迅
3684,林俊杰
3685,林宥嘉
4292,李荣浩
861777,华晨宇
12236125,王以太
826336,马雨阳
1197168,徐秉龙
12138269,毛不易
1203045,艾热
5771,许嵩
5346,王力宏
6460,张学友
13906123,张紫豪
6731,赵雷
12079219,李佳隆
12002248,沈以诚
28083340,王北车
188141,满舒克
1142042,徐梦圆
6457,张国荣
13609637,马良
3066,胡彦斌
5538,汪苏泷
6472,张杰
6479,周柏豪
6066,杨宗纬
12493781,Lil Ghost小鬼
784257,Jony J
4721,朴树
6453,张震岳
3681,李志
6452,周杰伦
12079044,陈硕子
1058228,陈鸿宇
5073,宋冬野
2843,郭顶
4479,MC Hotdog
5770,许巍
13145283,ICE
12356407,白小白
12514278,那吾克热LIL-EM
12050057,G.G(张思源)
981141,伦桑
6462,张敬轩
3699,李克勤
12420149,李袁杰
1204010,Tizzy T
2112,陈小春
12054456,董又霖
13058503,尤长靖
1132127,萧忆情Alex
5768,萧敬腾
5196,陶
12270575,孟凡明
4723,潘玮柏
12782871,$唐老师
13527275,Wya乌鸦
13056440,陈立农
12146142,大壮
166014,金志文
12440042,邓伦
14857181,情词尧
6454,张信哲
12287118,Ayo97
5001,简弘亦
12932368,蔡徐坤
12453329,功夫胖KungFuPen
5205,谭咏麟
1198010,暗杠
1038040,赵紫骅
13056454,灵超
6469,张宇
2738,方大同
980025,周兴哲
6068,杨坤
12120150,朱星杰
6652,周传雄
13057513,朱正廷
12448205,永彬Ryan.B
12118230,钱正昊
12084229,焦迈奇
12760978,广东雨神
3691,刘德华
3249,河图
13057511,郑锐彬
3695,李健
1115075,西瓜JUN
6456,周华健
12138252,张雪飞
4726,Pianoboy高至豪
13058502,王子异
964108,吴亦凡
13059447,林超泽
4171,刘昊霖
12333145,DP龙猪
790044,小峰峰
13056442,范丞丞
1079074,余佳运
12236125,王以太
1197168,徐秉龙
12138269,毛不易
1203045,艾热
13906123,张紫豪
12079219,李佳隆
12002248,沈以诚
1142042,徐梦圆
13609637,马良
13145283,ICE
12420149,李袁杰
1204010,Tizzy T
12270575,孟凡明
12782871,$唐老师
13527275,Wya乌鸦
12146142,大壮
14857181,情词尧
12287118,Ayo97
12932368,蔡徐坤
12453329,功夫胖KungFuPen
1198010,暗杠
12118230,钱正昊
12084229,焦迈奇
12760978,广东雨神
12138252,张雪飞
790044,小峰峰
12085017,BLOWFEVER
14118614,苏天伦
12083175,排骨教主
12079066,Lil.Jet
12027624,栗先达
12276430,Cubi
13152025,杨多
12286700,虎二
1159045,齐一
12205361,刘莱斯
12429072,隔壁老樊
28868804,寅子
12094099,徐真真
12085016,接个吻，开一枪
12287780,前男友
13112541,Gibb-Z
12606272,吕大叶
12798217,刘思鉴
12127564,艾福杰尼
12798308,马子林Broma
12360230,Lil-7
12052056,Fi9江澈
12094419,羽肿
12085569,李蚊香
12083570,YKEY
12641765,江辰
12050022,裂天
12059094,JAEFOREAL
12489984,掌嘴
12127154,吴海啸
977173,3Bangz
13296197,二狗村高富帅
12185042,特曼
12319383,胖胖胖
1158100,留声玩具
12114094,马英伦
12002184,AR（刘夫阳）
1140028,承利
12570017,MOMINJAN_ABLIKIM穆明江
12194650,KT
12119569,李迦南Doc
12146126,拖鞋pd
1151001,未来星B3Rich
12520754,DJ-荣大大
12126098,Vk
12158033,张佳伦
1185054,尚先生
12174110,崔开潮
12094558,Buzzy
15064461,方宇杰
1209003,LuckyMaxx
12050049,AirJordy
1142011,王极
13866086,苏亦枫
12259217,allenvee
12367021,AlimjanHasan
12199576,小青龙
1198071,HOPE-T
12282733,黑崎子
28304970,万能青年
12271965,Sand
12174057,艾辰
27862910,者思范Remix
12205140,青柠
12476238,英镑
12027336,Jiaye
1143074,小鱼儿YT
1087200,AThree-Arslan
1876,阿杜
187295,Assen捷
12132566,安苏羽
1881,阿木
1878,DJ-Varc
12441083,傲日其愣
860734,艾索
1106124,阿杰729
802016,安来宁
1081752,AlimjanTursun
1879,安琥
10998,爱乐团王超
1875,阿信
1132013,A路人
784443,阿来
1908,阿不都拉
964311,阿良良木健
2422,阿鲲
1877,阿牛
1058073,阿力木江・托合提
14469086,阿金和玄子
1047066,阿摩司
1045019,阿尔达克
1885,阿炳
1873,阿宝
1945,安东阳
1081117,Azoy
1102011,阿尔法
1122109,Allfine
804159,阿力普
947019,艾宝良
1049340,akbar ahmat ziba
1886,艾斯卡尔
1919,AP满人
727015,AL=六甲官锭
1980,安神
1050612,积木立方
1872,阿沁
1155078,安乐阳
12870537,Alex Hong
1039594,AKA道长
1921,安旭
762462,阿见
1047377,艾尼瓦尔江
1888,阿穆隆
1084038,Akbar Kahriman
1893,阿里
1053043,Archaic幻梦
1054175,AiPi 
1054144,Annco.Liu
1132165,任莫醒r
1961,阿译
1905,阿吉仔
1080022,Fumos
893266,A3
1049049,allan.X
229593,艾克拜尔・吐尔地
13222299,安浩辰
832010,曹翟
12054096,阿力木
862110,敖日格乐
1087768,士辉
12046022,Arivval
1912,阿清
1902,阿振
1060224,Kadirya
1054114,a$ce
1910,阿德
1904,阿爆
1906,阿龙正罡
1925,奥杰阿格
12108783,阿尔曼
1161024,AC周予天
1039871,AHJOL''RAHEM HALIP
1882,阿强
1039587,aka南瓜
1043417,阿权
12142151,Along
854301,安平
1081930,AseLOrDa
1060008,朱志冉冉
1039416,Anchoe
2022,阿左
12263332,阿宽
1926,阿拉腾傲刀
1054102,YoungDrake
1021394,阿四龙
1124167,安浩
1040062,Akber
1075100,ABSDJHONG
1047280,YK-D
12203229,阿影
1896,阿沐
13582195,安迪
28387245,安筱冷 
805076,ANNER
12942194,安然
12356407,白小白
13058488,卜凡
13058487,毕雯B
839689,SAM努尔夏提
12091076,白宇
12493701,布瑞吉Bridge
12288707,半阳的粉丝而已
1084207,白亮
13059430,贝KU
1054040,冰块先生
1181417,拜合提亚尔塔依尔
909029,白举纲
1085053,变奏的梦想
1048054,Braska
1050807,白宁
12259146,Black.Key
12523451,BrAnTB
1047238,白挺
2026,布仁巴雅尔
2098,暴林
1131033,拜合提亚bahtiyar aziz
2063,白玛多吉
14100563,白菜
12041068,白敬亭
2056,拜尔
2103,血男孩
2104,Beatsound
27693730,白一阳
1047057,BEC包子
12647412,巴图
12131640,冰山来客
1053147,笨笨口琴
2033,包朝克
2087,波拉
2034,鲍比达
12457194,边江
816079,薄彩生
12090249,孛儿只斤・包迪
2055,白天不亮
1081918,Ballrockin
12279094,鲍鹏
2059,毕书尽
2049,卞留念
2048,百慕三石
1038371,BlurryCloud
12108685,BLOW
1044102,Viper毒蛇
1078363,巴顿
1047011,白客
868113,BigKey
2060,白羽
1057198,B.C.W.懒领阶级
14100790,北疯
2101,Barry
1038088,贝歌
2032,贝玛千贝仁波切
13706227,表哥
1078050,BHTY-R
1060060,斑辣个马
1060124,周迪
1150216,巴图
12263538,白凯南
12344330,BackToBand
2027,卜学亮
969082,背背
1032373,边远
1132200,包胡尔查
2025,B6
11992127,包贝尔
13568181,鲍越
12263329,白泽
12817024,白静晨
2061,包伍
1094177,包威尔
12107259,白勺
1057274,包青山
13699123,bAddrop
2065,布川
1132662,鲍昕宇Aspada
12493121,YoungBoyDan
1038354,边边
1040104,Blindman
12872011,彬雨木
12141067,巴音
27692361,北木森
1032406,波比
1049372,白浩
29148292,巴巴烙
14714187,薄云天
2073,鲍元恺
2050,白音孟和
12355027,白应鑫
1047265,波仔
228408,Bloody Woods
2071,白龙
1106064,半梦
1087669,BK532
1008035,BillySmith
2116,陈奕迅
12079044,陈硕子
1058228,陈鸿宇
2112,陈小春
13056440,陈立农
12131566,CLOUD WANG
2127,陈柏宇
12634049,丛铭君
2201,陈势安
2115,陈百强
2117,侧田
2110,曹格
2124,陈楚生
12132471,陈信
2118,成龙
2121,蔡F佑
2122,陈冠希
1044054,R7CKY
2150,陈冠蒲
963409,陈学冬
1084178,Candy_Wind
2111,崔健
964450,陈奕夫
2159,曹轩宾
2230,陈雅森
2331,陈翔
2294,陈光荣
2153,常石磊
6557,曾一鸣
2125,陈晓东
12010027,陈柏霖
963431,陈致逸
12095299,陈柯宇
31055,Cee
2130,蔡国权
1043290,传琦SAMA
2147,陈旭
168021,陈俊彤
2135,陈勋奇
1041027,Chace
2113,车继铃
1046063,蔡方萌
1007135,陈小虎
2312,C AllStar
189379,陈鹏杰
12023426,CARTA
941023,曹槽
224360,陈亮
2213,苍茫
1132979,蔡照
2131,川子
2204,陈辉权
1124141,残泪杰
900139,曾经艺也
2141,陈雷
6608,曾志伟
2134,陈坤
13057490,陈斯琪
2414,曹越
2448,曹秦
13228454,蔡威泽
13059431,陈名豪
2164,陈伟霆
6862,曾志豪
991003,崔跃文
2209,陈少华
14471208,陈丙
168042,曹寅
2276,崔京浩
2133,陈奂仁
1014024,茶季杨
1152025,陈知&游园惊梦
1149014,厨房仔
727005,陈赫
1043304,曹思义
2138,陈浩民
2375,蔡志展
12312092,曹方瑞
1081291,CloudINJoke
958173,才让东珠
2202,陈其钢
2330,晨熙
12301031,陈圣夫
2174,陈底里
14713124,陈彦希REGI
2336,程池
826307,陈晓
2428,陈劭康KOMIC
12091078,崔航
2119,蔡国庆
2338,船长
1051032,陈坤
1028199,菜小宝丶
6521,曾航生
1023094,陈浩东
1060096,大彻
12202279,崔子千
1049979,陈建斌
2440,陈伟伦
1019523,冬飞
12054456,董又霖
12440042,邓伦
12333145,DP龙猪
2569,丁可
2517,刀郎
12059017,大能人
2524,大张伟
791534,戴荃
2516,迪克牛仔
13058489,丁泽仁
12291332,dj
2699,东篱
671001,东南
2514,蛋堡
2623,邓超
12250324,DJ马哥
188681,大鹏
1088061,DELA
896942,冬子
13056441,邓R怡
2515,窦唯
1087662,董昱昆
1203015,Dough-Boy
1039543,DjCore
1135138,DJ浩宝
2513,冬子
1143033,队长
947023,董冬冬
2522,杜德伟
1053107,DJ建斌
2578,大冰
2607,多亮
2614,大哲
12787446,杜佳阳
5068,单色凌
2545,丁于
189918,杜海涛
2518,东来东往
1049022,烛大魔王
1038381,DJ张扬
12194338,DJ阿奇
2520,东山少爷
12273260,董子健
2531,邓健泓
1057162,德格叶
783379,杜歌
13059432,董岩磊
12154277,DJ
2519,董运昌
2527,DJ宝贝
1078398,D-Lay
12894239,丁世光
2528,刁寒
2591,单小源
2525,戴玉强
12040073,丁冠森
1079143,蛋卷
1081526,大痒痒
12810118,旦增才让
2888,狄易达
2605,丁汀
2602,邓杰
2675,杜淳
1050280,于亮
12046643,杜天皓
1028197,张拾壹
2562,窦智孔
2682,丁炜
2532,丁咚
2548,杜聪
2616,丁少华
1058138,大琴师音乐游戏
27695243,大一学长
2632,代理仁
12618022,戴景耀
13933117,大泫
1050641,大坏兔子
1085030,敌门
12630149,杜江
1066056,dj皇家礼炮
2521,邓伟标
11428,狄奥尼索斯
1025229,DJ YiXiu 
12902436,豆心
12187012,大鹏
981003,笛在月明楼
1047424,杜光t
1060122,DJLayDiMusic
955037,丁乔
12107621,豆腐P
2610,丁浩然
1081326,DJ Ricardo
2702,东浩
986276,董昊
896569,旦旦
927045,单海锋
2526,窦鹏
12137020,邓鼓
2582,大雄
189955,贰婶
896894,贰佰
1085108,哦漏
1039899,eliaqsopa
2714,EDIQ
2722,E.SO
905634,二凉
1043383,Elvins.J
1192402,二龙湖浩哥
1050341,EACH9
966153,EdJean
1089203,Elfar
2727,二文
1135273,Eric
1053149,EDMarco
1046270,ETIRAZ
1040044,enderdz
12263011,二亮哥
2720,贰贝勒・木森 (J-Forest)
1019328,EDEN
1080049,“阿兰姐”
12263400,Egil Ellevill
1039919,EI身份证
12404124,Eric Song
816055,Easy Mind
981041,Eveight
1054116,儿时玩具
2723,Ezfic
27888574,二夫
13195211,二辰
1050576,EXIA
12871192,EC一平
2716,诶姆
1093034,EryXDY
1047255,Easion_Ng
1031114,换号中bigbus
1049900,冉明阳
1039900,EC Robot
1073043,ElectronOscillator
1038223,一针见喜
1050175,二龙
2735,EazyToo
975774,二向柚
2728,二宝
2730,Eugene Pao
1047206,Electronic Dance Music
13971421,Empty ORio
12170031,耳机
2717,Ethen Chen
28390340,恩佐
12074153,EY魂
27888504,鹅王章祥福
12332127,二飞
2710,恩炀
12743011,Erick Blu
12363201,ERIC
1049964,E.D.J HyunYu
30035265,Epic Music
30109512,EAT扬扬
29356229,贰鹏
29356296,ev
29302237,Enyx
14099080,E&M经贸民谣
27693297,二少爷爷
12492296,Eggace
12403137,尔冬明
12213188,俄比尔古
1049701,Rich哈木-
1039360,ElectricGirl
1043309,耳东 
2724,E歌
938073,二玩家
30617579,Emily Hsieh
2733,Evade
30616419,Ethan
2721,eclove23
1039579,Emxi
2718,enlil
2738,方大同
13056442,范丞丞
865007,法老
12213335,枫宇辰
2736,范逸臣
2747,费玉清
12028291,伏仪
1032016,风子
2739,方力申
2775,樊凡
1024309,Fcyco
2741,房祖名
12025631,Force嘟嘟
956281,符家浚
1081940,甫平
957020,冯佳界
1163007,方磊
27694696,枫叶
2743,费翔
842003,范炜与程渤智
2791,付辛博
12356808,范世W
2742,方炯镔
2768,付笛声
1038367,HAO付豪
1081292,Firah
1039404,Forkyrie
1047302,符号
862024,范忆堂
28387442,冯舆轩
228462,冯翰铭
2740,傅聪
1025042,梵墨
2802,肥宝
2754,冯晓泉
1043488,范恩
1020150,李汶峰
2750,Finn
2752,方锦龙
2793,樊少华
2765,范振锋
2749,范圣琦
1132196,冯建宇
2737,范宗沛
896230,冯巩
2753,冯德伦
1048005,范文夺
2777,符致逸
4544,佛山DJ明仔
2778,冯言
1078032,林屿森LIN
2764,范思威
12430082,FZ.方丈
2816,冯绍峰
2786,范睿
2827,付豪
1039402,fx
2758,冯乔
12325107,绯太子
1047027,Ferrison
1115016,FOM
787065,浮游人-TonY
12332149,冯芰
1022050,Fattwo
30892253,方洋飞
2772,范琳
13840462,房岩
1131048,付浩天
2839,飞翔
13683991,翻唱群星
818227,傅松
1084058,方毅
1049257,冯小波
2813,冯泽雨
725039,冯允谦
2788,Faber
1016120,冯光
1046239,奉枫
2808,冯晓荣
1124320,肥坨坨FatToc
1050441,F.BING.KAI
2757,傅振辉
2762,方奕
2803,范圣霖
1063170,何玉林
12250285,吠人
1041080,冯博
2769,冯伟棠
1081399,冯光华
2761,浮克
28391507,付飞社
377197,FyBe
1041120,法特
1039141,方雨晨
2829,范星光
1024321,F
1050031,苏天添
2843,郭顶
12050057,G.G(张思源)
2849,古巨基
1044203,郭旭
12136042,光泽
2863,高进
1211046,GAI周延
1008034,鬼卞
2842,光良
13058582,跟风超人
27889345,官鸿
2852,郭富城
168010,葛林
2963,高安
2922,郭德纲
2868,关
12399037,国风Dom.T
13973042,谷嘉诚
2861,关楚耀
2853,关正杰
2848,郭峰
1041024,GNS耀耀
12023517,宫阁
2870,甘仕良
12213153,GenNeo梁根荣
5311,苟瀚中
2850,顾嘉辉
2892,高林生
13080288,关大洲
2959,根呷
2947,国蛋
947046,时光
2859,管平湖
11974118,郭子睿
2874,顾峰
13228424,GC国丞
2856,高枫
2862,龚一
2981,葛平
2867,哏德全
3007,郭少杰
12332258,郭麒麟
2851,郭子
2846,高明骏
13056443,高茂桐
13059433,甘俊
1043146,光合唱片
13059434,GIGEL张津铭
820439,谷柏杉
1049033,高铭
2945,歌浴森
2872,关德辉
2962,格茸农布
3020,过江龙
2928,高夫
12165051,高心远
2847,郭伟亮
2979,格杰白玛
12289019,郭一恒
12998047,郭思达
2885,光头李进
12023557,高旗
1132850,顾稚蔚
2969,关泽楠
27695695,国哥
12475595,高晓攀
2841,高晓松
11975240,郭俊辰
975574,GrymeMan
2875,郭浩男
2878,顾海滨
14101443,郭阳
3042,高正洋
12262021,宫俊
2844,古天乐
905095,嘎玛西周
1039864,Groovemiki
2871,广智
2857,高凌风
2887,高向鹏
1049027,郭京飞
1053246,郭纯
187480,小黑0818
12274269,高华阳
2912,郭炳坚
3031,关栋天
2946,刮刮乐
12154162,高赫
908209,Gordon扬豆仔
861441,GBZ
12931831,高火火
3029,高信
839567,GZ
2890,恭硕良
2911,郭颂
1137380,官云康
2960,高韶青
861777,华晨宇
3066,胡彦斌
3249,河图
3064,胡歌
3058,后弦
3273,胡夏
12065096,黄旭
3348,回音哥
1049179,Hanser
3071,郝云
13059437,黄新淳
3255,黄渤
3118,黑龙
12773144,韩沐伯
3081,胡伟立
13059435,何东东
3415,霍尊
3073,黄凯芹
1006030,洪尘
3086,海鸣威
3072,韩磊
3079,黄品源
3256,黄明志
1045031,黄立纲
1011192,黑羊
1049349,胡碧乔
1068009,前后动机直升机组合
1081579,黄雨篱
3059,黄
12598950,RA
1025202,黄子韬
3337,黄艺明
3126,黄宗泽
3307,晃儿
12488022,黄榕生
3322,黄英华
3181,贺一航
3094,黄晓明
3063,黄义达
3082,黄安
3146,侯旭
3090,何炅
3311,海生
3080,黄贯中
13056448,黄书豪
3120,霍建华
13057492,侯浩然
3116,黄家强
3272,韩庚
3069,洪启
1181165,何大河
1040132,黄超
13056444,韩雍杰
3061,黄磊
3093,黄征
3330,胡鸿钧
3259,呼斯楞
3250,火风
12598388,胡蒎
789450,何山
1177014,韩安旭
1019154,黄礼格
3121,黄阅
839761,何流
3056,胡德夫
3261,浩瀚
1182797,浩天
1006027,涵昱
3068,黄大炜
12487019,洪雨雷
3123,黄国俊
3065,黄立行
3112,何润东
223221,陈斐
3378,何崇志
3162,胡兵
1081256,和弦
3096,贺西格
3276,何晟铭
3075,何训田
12796041,胡一天
1039086,何星烁RapStar
13059436,何嘉庚
3404,贺一航
12914019,海RWAVE$
3055,何勇
1041087,罗一四
14100082,黄圣池
12164075,黄景瑜
3421,黄勇
3078,黄伟文
3676,胡波涛
3217,哈孜肯
3085,韩寒
3317,灰原穷
13056445,Hook于浩
13058490,胡致邦
11880,H.K.君(HEROAR)
3224,洪楗华
11975111,ilem
1038374,iMoon
11987075,impossibleChuck
1132544,Iceloki
956418,InfiniteMusic
1047333,iCsuo
29356237,illusory李虚无
1039978,ilham丁丁
900332,imeatART
12947494,itmusicstudio
133386,INK
1031042,ibinbao
1039393,IMAGINE
1083022,iimmune
1049076,Inspiration Crowd
1031052,Impractical Scraps
3438,iiiis
28390292,Ian Yu
1050737,Ilya Ai Wei
1039395,IANNE
29148246,IA
28085491,ianbird 吴冠亨
12263528,Imc王辰
1161208,Izumi koga
13707529,IL CANTO
13738116,ins白日说唱家
13430213,Infernal Chaos
1081840,irevan
3445,Intangible Ism
1044068,IMCUICUI
820494,Inbellum
1000135,"I,Defiance"
233211,INTI
166014,金志文
5001,简弘亦
13057497,黄明昊 (Justin)
188694,蒋家驹（蒋蒋）
3459,姜玉阳
827163,金贵晟
3456,姜育恒
789380,J-Sleeper性感的拖鞋
190079,家家
3453,蒋志光
1071076,姜贰拾
28085561,Jason王威登
3558,蒋明
1047078,江南诚
3452,蒋大为
3526,JR Fog
187010,J. Sheon
3464,江涛
3466,姜鹏
13059443,J-ONE
1063007,居来
13059438,伽里
3450,几米
13059442,姜京佐
3528,靳松
1106073,贾乃亮
13056451,靖佩瑶
3498,金学峰
3539,井柏然
905426,金润吉
3536,金培达
1097081,JK.Chen
1098154,JZlee
13226406,JK LEE
3537,鞠起
12262268,金6
187394,精气神制作
3454,贾鹏芳
187203,坚持者
27694332,贾盛强
3499,景岗山
3600,江智民
12914018,JOHN$
1015710,江潮
3594,蒋山
1099005,小简
12369108,精神领袖佛爷
1038398,纪粹希
3613,纪晓斌
5839,解小东
12488044,贾昱
842019,金泽男
1081155,蒋劲夫
3563,金久哲
792823,简吟
3562,金复载
1156032,靳东
1124432,JeamsKing
3591,甲雍
3463,江得胜
1047025,jackson
12451170,JA符龙飞
1049680,吉克曲布
1060009,JIANG.x
3451,金城武
1038368,贾巴阿叁
995003,净土Pure Land
3519,金科
3534,贾鹏新
3572,君子
1057168,九御kyuugo
3551,金泽
1011198,江生
3515,Jeff李
1087229,吉佑社
1038352,蒋敦豪
1028051,陈褚骏
3524,极泷
1049408,姜潮
12526089,精彩词轩 
3461,江凯文
729003,贾涛
12634598,JV陈政文
3504,君君
3576,金h
12457183,金少祥
12074481,Joker one
12203268,江南
3484,吉中鸣
12488021,聚来提
29148309,江映东
3541,姜昆
1043181,金忻
3458,纪佳松
3593,金山
12251263,JK
1047250,吉克杰拉
1043535,京脸儿
1047064,KBShinya
862058,卡修Rui
3619,孔令奇
13737107,可有道
12493703,K ELEVEN
28387568,K乐
12048189,孔东东
3617,柯有伦
1132451,柯大堡
12024274,Kafe.Hu
12261311,柯镇恶
3626,柯羽
3654,柯震东
1019172,凯玟桑
3658,克尔曼
911042,康硕Kenny
3660,柯皓燃
3616,KenT
13972448,空城mill
3614,柯受良
3672,柯暮卿
12811143,KEVSER
1019155,孔垂楠
222404,卡斯Kas$
3627,康康
3641,凯撒
3651,KT
3625,卡卡
3649,昆虫白
686006,康康
5980,阚立文
991002,柯智棠
1135192,张童
1132845,K邵庄
868001,KillerBlood
1080047,宗儒
1081372,孔岱山
3643,Kositu
27694228,康天庥
12467220,K2
3624,孔祥东
1039449,Kit.Tam
1050144,库亦晨
1081974,Koowho
12356071,凯文
1043220,Killazer
1161004,开松法师
12048059,康榕
13974121,孔舒航
3620,孔宏伟
1079139,卡列宁
3621,克里木
1038406,KhalilWonger
3640,Kz
11974222,柯智豪
758285,Karma Kid
12467039,K.Scarlet
3646,科尔沁夫
3623,康万生
787062,Knife Lee
13565046,锟
1039757,孔熙俊
12290110,康桥
961279,孔一兵
1050581,Ray3
1038242,堪布贝玛千贝仁波切
28085380,可乐
1069015,杨文博Poe
3662,轲然
991229,肯别
1088051,KB
12086178,邝雨翔
1044036,Kael 鹿帆
3636,Know Hope Collective
999157,Katana_4real
1046036,口琴ok
12945681,康成
1124332,吕先生
3670,康梓峰
1081307,狂奔的萝卜
1132707,Makino
27693543,抗癌露露
1040055,Kona.Y
12073350,寇麟
3622,康乔
1099008,KNXER
29150357,Knight 
1094139,Ken-Ming Yang
3661,开克尔曼尼
12869562,Kitson Lau
1049872,Kalen
1050287,King@C AllStar
3655,孔朝晖
1074108,Ky
787048,康智炜
1084021,KH
12061058,Knopha
1039553,K'桑
3630,空气球
3684,林俊杰
3685,林宥嘉
4292,李荣浩
12493781,Lil Ghost小鬼
3681,李志
981141,伦桑
3699,李克勤
13056454,灵超
3691,刘德华
3695,李健
13059447,林超泽
4171,刘昊霖
13058498,林彦俊
3722,梁汉文
166010,梁博
3683,李宗盛
13057676,李希侃
3692,林志炫
4130,李玉刚
3689,李玖哲
12523349,卢焱
3682,老狼
13056453,李权哲
4393,李代沫
1060132,柳爽
13056456,陆定昊
3706,林子祥
3697,卢冠廷
13022016,廖俊涛
12359437,李常超 (Lao乾妈)
3694,罗志祥
3686,罗大佑
3705,李圣杰
1015657,刘刚
12080400,李俊佑
4188,刘佳
3848,刘允乐
3690,卢广仲
3701,黎明
1040035,李雪莱 
1047239,流浪的蛙蛙
3688,刘欢
13057501,罗正
13056455,娄滋博
3765,李易峰
4069,六哲
1038093,鹿晗
4125,骆集益
4084,林奕匡
4093,李行亮
932053,蓝波
4015,冷漠
1025271,刘旭阳
3698,罗文
27695878,梁靖康
1051026,廖效浓
3723,吕方
13059448,吕晨瑜
893267,李琦
3715,梁朝伟
13059444,李俊毅
3793,陆虎
12675220,李朝
4006,梁晓雪
1083012,李慧宇
3812,刘可
1039750,李智
3747,刘嘉亮
4080,刘心
4055,赖伟锋
1021328,李子阳
3772,雷诺儿
3713,刘东明
3704,林志颖
1053123,罗云熙
15021287,刘洋
4320,刘辰希
744274,蓝乐
1044185,梁栋江
905491,老虎欧巴
936007,李明霖
3752,李维
4037,Lu1
3763,李国祥
3799,林依轮
4089,李炜
13056452,李长庚
3871,刘胡轶
3952,卢小旭
4474,刘明汉
12132197,李柄桦
12107619,罗锟
12096060,廖佳琳
3743,刘家昌
3708,蓝奕邦
961227,廖国钺
3737,刘u宏
3956,罗家英
3702,林o
12974786,林小坤
826336,马雨阳
188141,满舒克
4479,MC Hotdog
13056459,木子洋
4592,马E
12413,慕寒
1132392,马思唯
4569,麦振鸿
4483,麦浚龙
4621,闫东炜
1038238,Mario
13415208,Max马俊
187903,Mc光光
1050630,孟大宝
4485,马天宇
792162,M80
4486,毛宁
1049174,慕斯の小乖
858161,马潇
4552,毛毛
4480,马条
4488,满文军
1058114,马融
1050611,M-PHOTOS
189932,猫饭
1041122,Mr.岑
1043199,MC-5
1041010,买尔旦
4513,馒头
4481,满江
1089210,MyT1aN
12389238,MJ-7
1039222,梅粮新
896927,莫西子诗
4578,莫染
816093,茉莉僧
12084382,Mc阿哲
1132719,Mardan・omar（买尔旦・吾买尔）
4489,MC仁
1156176,孟可
1047195,MC九局
12136063,寐加岛
1043170,冰鑫
13485144,MC七星
13056458,明鹏
12263877,Mc轩颜
817036,蒙面哥
4619,马旭东
12914544,马伯骞
13923069,面具锋
842005,马飞
896274,mAjorHon
1049093,MILLAN
4607,马丁
1039663,Mc苏刚
4527,马上又
4490,马浚伟
12335229,Mc名决
4651,马博
29304235,Melo
12233014,Mc画师
1060200,Mr.16罗隽永
1032310,漠城
4538,马常胜
12061030,漠心藤
12309156,Mc熙阳
4482,麻吉弟弟
4561,马三立
789391,马戏团小丑
1085069,Mingkii
13056457,闵聪
1053118,Mllano
12131307,Mc药材
1043013,MC神九
4551,Mr.Trouble麻烦先生 
12132083,Mc阳子
957152,喵步小雨中
4576,毛方圆
4548,梅兰芳
12645566,马仕钊
784354,M.K
832313,孟瑞
1008007,莫爱河往生
832643,苗小青
1063133,马里奥赛德
4496,麦子杰
12154030,MC星辰
4508,马德钟
4573,Masta Mic
896782,苗阜
1049133,MC水观音
12114132,阿森
12263031,幕人
1124557,木木
12263364,MC车哈哈
12514278,那吾克热LIL-EM
4678,南宫嘉骏
990051,泥鳅Niko
980113,宁桓宇
190349,NL不分
1074042,Noicybino
1058125,N2V
985227,南风ZJN
4672,倪安东
12049020,Nurmuhammat Tursun
1049392,宁夏
1050258,Nayim.Nabi
12908088,你样哥
12049170,Nurim Kuanix
4662,南风（姜海龙）
1050110,还没睡醒的DiDi
1046339,南瓜饭
12226571,NANO-F**kyig
804367,南城二哥
12091030,牛歌
1019301,宁林
12098066,南派三叔
1057144,嫩桃弟弟
1039572,南山雨林
1053166,南玛子呷
1039882,Nellee
12042046,牛骏峰
4666,聂禹
12108665,奶猴子
1027039,暖场小粽子
12196231,拿哥
12312084,聂枫
1124323,男森RAP
1040204,逆风而行
27813407,南拳妈妈弹头
4665,牛朝阳
1001005,牛牛
13580194,嗯哼
1049185,聂远
4677,宁峰
1041070,乃日戈
12776731,尼格买提・热合曼
27693341,奶油小生
4686,南卓仁波切
1050265,No.6
1000103,Inspiration
4661,倪敏然&倪嘉升
29302224,Neko
1019003,Nic-BOOM
935138,倪力
4660,钮大可
4656,牛建党
1044122,南味SOUTHFEEL
1039848,Nano33号
12335199,宁彩神
220970,NANCY
862131,倪敏然
1019357,Nacid
28391235,怒道诗情
12467165,喃常乔
1079101,南一
12348450,南宫
1040026,NO.59
4709,女美爱我
4669,糯米
1044082,怒江雨
1039680,南涩雨
13971260,农面哥
1057272,安夕尔
797346,南宫家骏
1081733,Noise Happy
12262225,NGC
1040024,念尔
1039297,NEMY金属怪兽
4680,倪青
1041003,泥丸
12335177,诺一
1181764,宁新兵
12408261,男众法师
12209024,NEWYOUNGGO
27694175,宁群
28897355,娘吾加
1089115,小白的亚新
27693854,南阳
4667,聂琳峰
1155077,闹闹
1193191,尼块
27695986,南昌Djkevin
866037,南味年糕
29150288,南初
15022012,倪红
1132441,Nickking
1039097,r里
29596520,弄青_Leon
12121184,倪中乐
1049159,Nathan Pelupessy
4668,南梓轩
27693670,男神
4694,欧阳靖
4693,欧得洋
12060060,OB03
896460,欧豪
4695,欧翠峰
12493704,OG ROLLY
4700,欧汉声
4691,Okna Tsahan Zam
4705,欧阳青
4715,欧阳尚尚
1066075,黄秋颖
12488167,OK绷
15023173,欧俊诚
1024400,OCULAR
12996970,欧阳俊
12049171,osman mamitimin
3665,Orientlic
14098645,ORI
1057079,昭和三色_
4692,Oscar
4696,欧阳德勋
851769,欧尔格力
4713,欧昌彬
12469061,Oho
1024100,欧阳曹亮
4697,欧阳浩瀚
13734113,欧阳雄波
12062259,欧阳文宸
13643049,讴洋
1039334,OP.X
1044086,Ops.7
4714,欧华成
4706,欧育齐
11992096,欧华
12279524,欧霖
4720,Ones Day
1049806,欧阳光
4704,欧阳清风
4719,讴歌
15024239,欧阳圣康
1135222,ODYSSEY_
229959,OG-K
4698,欧阳辉
1124169,欧阳藕
28085334,欧牧优诺
30618433,欧阳大江
12213242,欧阳皖
13160089,欧景智
28899259,one0none
12279033,欧宇轩
14057095,欧阳原野
12067017,ODd
12279035,欧阳基
1132265,Ordy
4707,欧阳巽涛
4717,欧元
30615508,OC Jimmy
30615428,欧阳阿成
14098024,欧拍乐
758364,OscillatorZ
4708,欧中建
4721,朴树
4723,潘玮柏
4726,Pianoboy高至豪
11974049,鹏泊
1050465,Panta.Q
4755,品冠
1046460,潘广益
4725,庞龙
4764,潘柯夫
4752,彭于晏
12145025,彭昱畅
12080220,PoKeR
4777,平安
1024310,帕尔哈提
12054555,潘粤明
4759,彭钧
1049684,彭飞
4722,彭坦
1047180,潘松和
29303235,PSY.P
1041119,Pahirdin-Rahman
867021,瓶中怪
4761,平远
849055,park
4731,潘安邦
4733,蒲巴甲
975410,PIKLANS
4732,潘长江
13972112,彭楚粤
28276386,屁孩 Ryan
1178287,派伟俊
4728,彭健新
1132712,橙汁studio
1077015,Phany
4776,PDP
4757,庞晓宇
5809,潘晓峰
4724,潘裕文
1132019,P2Pover
13080326,彭成
4756,Peter Lai
797002,潘高峰
4771,彭柯
4729,潘劲东
686007,潘寅林
1075125,Peterovic
1077048,潘雨轩
11992123,潘斌龙
12462045,庞哲
1038385,破鸿
12869643,Parkson博彦朝
12170246,朴翔
687067,Peder Af Ugglas
1150300,彭伟
13429083,庞明昊
1049209,彭冠英
1045022,彭子瀛
29148357,普乐民
4736,普布次仁
906049,Pancakelee
4737,澎恰恰
4750,飘张
1038396,咖咖
4744,彭修文
1014016,phsence
832021,彭高平
935112,彭博
4780,裴力
4727,潘协庆
4778,Posheric
4730,葡桃
1039016,潘鹏展 
12331138,片旭・更松塔叶
228527,潘云峰
1044270,彭三
4749,彭为
15023261,彭宇星
13046208,庞飞
4763,怕黑
4767,彭亮
1156023,彭康亮
854436,庞锟
4775,彭远扬
1047024,Polymath9
12475313,狍子
12008095,彭宇
1043334,prome ma
1049727,盘大王
1050836,Pony Soore
14470145,炮哥
12107301,PEATLE
4748,潘孝佳
1039277,powerA
4786,平川
4753,庞洪铎
12121083,潘云安
5898,彭家熙
784257,Jony J
12775210,秦奋
4873,奇然
12776890,屈原
4813,齐秦
4793,乔任梁
4837,邱永传
1047118,秋裤大叔
4863,齐晨
4833,祁隆
4711,区瑞强
1043222,秋野
1043396,千百顺
1071024,前冲
13058501,秦子墨
4831,乔洋
13056461,邱治谐
4811,秦立巍
168002,权振东
1102124,琪叔
12136066,齐羽
1063018,浅蓝
1132976,秋火林荫
991161,裘^戎子千
1088058,秦景轩
12007157,秦博
916042,邱锋泽
1077018,邱霖Big L
4797,齐峰
203034,秦万民
12049173,Qara Etrapqa
190494,邱胜翊
226363,乔振宇
1047440,秦昊
1053113,谦木
1131007,乔乾师
4829,裘盛戎
4815,齐.宝力高
1089215,七手
12279998,邱振哲
4841,乔珊
4851,祺云法师
189453,秦勇
12218115,秦旭章
4848,齐士扬
4812,七郎
12462405,清云法师
12475335,qasa
14056229,乔万
4809,齐旦布
1044024,丘与乐
13429295,浅堤
4828,晴天
4806,青山
1074004,曲艺
4824,曲泉丞
900051,乔军
896234,奇志
13920104,青梅拉萨
894026,祁汉
1043142,齐会超
4861,崎君
12995546,乞丐
1039227,陆本平
12213092,秦四风
28391569,祁岩
1019302,祈合
1047241,千草仙
12441224,邱小龙
4795,秦永
12598090,齐羽嘉
4807,秦咏
1039387,七夏L
12279860,齐硕
4854,乔嘉
11976031,青岛小强
27696000,乔子寒
1193200,秦麦洛桑活佛
12525596,气质陵晗
4796,邱泽
12263065,强歌
4827,曲尔甲
12095133,齐霖
789928,秦艺天
12006106,球球
1060097,邱吉
1108146,Qzero
1015706,俅其oky
13228175,祁子航
1032407,囚牛的方舟
1049029,千锤百炼Gyseal
12231097,齐乐
4825,秦俑
14923036,区智健ONO
1124005,秦天
12290292,祁富贵
12074371,一杨
29490578,曲剑
1040020,邱添
4840,秋虹
4895,任贤齐
1015114,任东
1110009,Riyat.Yusup（热亚提.玉苏甫）
12526504,任立佳
1081483,Robot-Boy
1019069,任路加
12274111,任嘉伦
4926,任宇翔
4883,容中尔甲
1038361,Seot
12355767,饶威
1063168,RYLIA
1081769,Thunse
1039251,RPZ
1132068,
4896,戎祥
13057502,Rapen罗仁麒
4882,热西・才让旦
4919,任和
12154250,任柏儒
4898,阮经天
4905,任同祥
1078327,rovinabc
28083455,Ronin
4902,润土
4917,Ricky Ho
4901,饶天亮
1036007,任重
4908,任震昊
13197392,Restonia
1027034,Xerls
1081449,李旭
1040160,任阳
12074191,任向东
12131160,Remix Music TV
4923,任浩铭
1039710,学长呀
12409239,日道法师
4894,饶宁新
99602,Redkey
4892,日波益西仁波切
4893,任岩
12031078,RCJacH
711587,任承浩
1041055,浅小寒同W
916051,仁青宫宝
12213118,Rap大军
1132187,Rabbit-lcc
4922,荣星宇
1047272,软木
861596,任飞扬
1039700,融化的雪人
12409240,如通居士
4891,戎梵
1058126,RoseKhalifa
1039206,任衍锟
4881,仁科
4918,刃ASURA
1049065,任永恒
12031270,R8o
12198163,蔡小江
12053410,任子墨
1063080,Talkbox Roc Kit
13161438,任秋晗
4924,阮以伟
12234069,芮嘉言
1086016,荣子yJan
625242,RPG
28085575,Rgry
1032315,孙毅然
862041,Replay乐队
1039883,荣鑫
894015,任鲁豫
975738,Helix.T
12142123,Rise
29150340,任杰毅
1040031,RRON
1132402,任健
4888,阮兆祥
1039505,任仂
4920,阮仕春
1116106,任意门
4889,任鹏
1089070,阮明杰
1078069,rapof15
4890,日京江羽人
29151301,任毅
1066017,Rapki
4921,容兵
1030006,任俊陶
27889242,染辰
187369,Random Soul
4927,任升
1047133,任勇勇
1039352,REVOLVER山猫
1049521,阮民安
4899,任传麟
1156193,RHBE
905486,rap随缘
5073,宋冬野
1132749,Shang
4947,孙耀威
5103,孙子涵
797087,smile_小千
43515,Sbazzo
4941,孙楠
1044144,三亩地
1146106,苏琛
4948,苏永康
1178207,沈谧仁
861208,shohruhxon
5084,石头
4942,沙宝亮
5022,孙伯纶
4936,宋岳庭
5047,胜屿
1159133,深七
1037013,少恭
1047049,Yoken_Official
12126487,孙晨
5106,寿君超Keyso
4959,誓言
4938,苏醒
13059449,孙浩然
1089111,孙八一
5039,石进
768266,银 河 骑 士 李 老 板
12976513,scaredkrow
4935,爽子
12122233,税子
43884,Senpai
1039243,Soul
1192515,盛一伦
4934,苏阳
12336312,SEVEN TANG
1098139,SynBlazer
5087,SOCO真
1047197,山下直人
1049990,Upuk
190497,萨满
1044132,夏浅景
13226089,孙翔
4940,苏有朋
12006015,三郎
5158,桑吉平措
5025,孙浩
1132572,舒大卫
15022221,萨沙
896003,沈震轩
12925116,沈煜伦
5015,宋捷
4974,盛中国
5018,孙辉
4951,施文斌
1081895,Shepqet
1081875,邵言
4964,索朗扎西
4937,沈庆
5008,沈懿
4953,沈文程
13057503,孙凡杰
4968,孙国庆
4943,三宝
1132218,宋赫伦
12024178,水月
1058135,SIX GOD
1115138,司空雷
5021,宋秉洋
1039716,宋晓峰
5168,撒贝宁
693018,宋小宝
5078,石磊
1132057,Heki
5005,师鹏
12144027,苏立生
5000,三木科
12301149,孙泽源
1132060,Satchel
792099,宋马超
11975181,四郎贡布
787035,依兴驰
1111024,SKY
1026014,宋逸晨
1081368,十年时间
12274072,山新
501460,Skey
13161108,索当珠
4976,孙小宝
1039020,孙诺涵
1047122,李粟
1040093,沈波
1087766,十三狼
1078072,顺德
868036,尚裘峰
1058100,史哲宇
5134,孙浩雨
5196,陶
5205,谭咏麟
12492058,陶孟童
5195,Tank
5198,腾格尔
1086078,Ty.
12931942,田羽生
1087592,唐汉霄
787107,陶峻汐
955095,图特哈蒙
5200,屠洪刚
5197,童安格
1050510,TSAR
13056460,覃俊毅
5199,邰正宵
31286,The Shanghai Restoration Project
1193004,唐伯虎Annie
5234,佟大为
5203,汤潮
5206,唐磊
5207,泰迪罗宾
1116074,谭水明
437343,Lonzo
5227,唐禹哲
992023,陶定哟哟
12870490,Tory
5243,谭盾
12039096,TZ
12975415,天舞
1087265,Umvt
5247,汤子星
5208,谭炎健
27695662,TONY REY 凯睿
1039419,Tolein
2000,塔斯肯
5274,汤非
5285,The Lee's
13059450,Traple赵凌峰
5316,泰然
908122,覃桢
5257,谭佑铭
5246,田一龙
104096,谭汶奇_wikki
805086,TedJon
1046418,TopManss
5231,屠颖
1132174,TYRX
5238,佟铁鑫
12230039,谭妍
817010,陶辰宇
1043219,田宇杨子
5232,田家达
27692717,Tencent TIMI AUDIO
5260,谭富英
5251,唐人踢
985262,唐龙
12121259,佟梦实
962175,谭旋
670008,覃元隆
5225,谭宝硕
1039199,檀健次
5226,汤正川
1039219,谭哲
5201,童孔
5252,铁热沁夫
1049766,田振达
12202054,田亚霍
14100692,兔三岁
12409177,陶思哲
5233,谭炳文
5317,唐建平
222813,田野
5209,唐文龙
5248,陶培力
1064008,田校同
29151329,唐永海
12364168,田源
791155,唐音工作室
203383,TORO
5215,谭耀文
1043257,汤祯钰
1088056,NPC
5284,唐鹏
1053209,覃天佑
1057175,Tonino祖力
861410,TooPhat
13128161,泰岩
12766335,太阳杰
12289176,提笔陈词
13839283,唐宇杰
5250,天津饭
5213,唐尼
5235,田宇
1045039,田宝
789121,琨
12067068,Trojanese(魏宇凡）
187966,田娃
1032152,奇巍
1050140,逆流Group
12675884,USAGii
1040136,UNDERAQUE
13158027,U记仝人
1087008,Ulysses
237262,UP
1087332,Uncle Hu
28390422,U.G
1050281,Cilantro_killer
5342,V.K克
789949,VISUDY
12279905,Vanilla
14101634,VOGUE 5
1040098,verahuuu
1044078,VISIN
1053284,Vous Records
1192469,Vacance.ZEN
1063151,VincentSax
14655580,Vol.2
817015,Vanhci
1132526,名词
978071,vinck
11977081,Vacen奕忠
1048033,VOICHAN
12561869,viky
1050792,Var3D
1040036,Volley
1039828,Vegetarian Lion
1051025,Vai
29355222,Vorang王睿
30617577,Vladimir Alexandrovich Lovchikov
12412082,Vittoria Hilz
15021141,V何杰V
12323154,VANITAS
12262889,Victim Mentality
12067038,Vonenzo Baschello
1039825,ven
1135230,VICON
29355335,Victor
1106026,VAIOTME
14713159,Vashon先生
776642,Valentina Villarroel
14099343,Veronique B
1050440,Veeos
12903495,VINEM
1050459,Vica_Scream
1045023,VeduYao
5346,王力宏
28083340,王北车
5538,汪苏泷
13058502,王子异
964108,吴亦凡
1083118,王嘉尔
5354,伍佰
5358,王杰
12320060,王齐铭WatchMe
966016,吾恩
1047237,五音Jw
5347,汪峰
5568,Winky诗
5349,魏晨
12302029,王冕
5350,吴克群
12007112,王宇良
794040,W.K.
999220,王俊凯
5678,五色石南叶
1023010,魏小涵
956386,王源
5359,巫启贤
5620,王闻
12462214,王鹤棣
1043093,Toy王奕
27888364,吴希泽
5357,伍思凯
5499,王艺翔
1181775,翁大涵
187229,吴青峰
5427,王强
12656186,王圣锋
5345,万晓利
12122236,翁梓铭
5444,王鹤铮
5356,吴奇隆
5531,王童语
12487017,魏巡
12871618,王一博
13059453,武连杰
5549,王睿
827615,王博文
13923085,伍嘉成
5379,韦礼安
1047178,吴业坤
5438,王建房
1032316,王亚东
1097092,王愚
5360,吴宗宪
5518,王铮亮
5365,温兆伦
1039296,王朝
5418,王宝强
5362,王俊雄
188556,王宝
1047281,文子轩
5506,王崴
3669,王三溥
5532,吴忠明
1063066,文劲松
1047389,王上
11977185,王景飞
12121264,Ice Paper
12526138,万辰
5546,吴欣睿
5529,吴彤
12488150,Wudu Montana
1039827,WHIZZBIZ威士堡
12122114,文颖秋（DJ CANDY)
1039717,吴承俊
5431,王绎龙
5680,Walker
12144105,魏大勋
5550,武艺
1041154,WARISJAN ABDUREHIM
5424,韦雄
5370,王栎鑫
1015042,王继阳
5888,韦星弟
5399,吴国敬
5464,王志文
5670,汪东城
5352,王梵瑞
1060108,王华峰
5603,王备
225316,王传君
5524,魏枫
1049306,汪定中
1015092,王胜
13059452,王艺龙
1073042,王进
5388,翁立友
12488048,王广允
13056463,王梓豪
5700,乌达木
12049183,吴京
12202284,王大陆
5593,完玛三智
818156,王凯
5781,薛之谦
5771,许嵩
5770,许巍
1132127,萧忆情Alex
5768,萧敬腾
1115075,西瓜JUN
5929,徐良
13059454,徐圣恩
1047088,小魂
1083049,夏小虎
5944,夏天Alex
1035021,许一鸣
5997,小曲儿
5782,许冠杰
5787,许志安
12145073,夏子皓
5871,许廷铿
5774,萧煌奇
5793,小沈阳
12061156,箱子君
1214021,新疆群星
1124093,西奥Sio
6040,萧全
1047348,西瓜Kune
1178126,小洲
847107,谢帝
12450235,小来哥
813196,许镜清
5767,谢天笑
5998,Xun（易硕成）
13057504,许凯皓
5769,信
189307,小右
5766,小河
5785,谢军
5777,谢和弦
12219072,绪尘
5773,谢霆锋
1005028,徐大乐
5801,小曾
5772,小柯
1018121,潇梦临
5786,徐誉滕
5875,邪恶少年EB
5780,西皮士
12000097,许魏洲
5866,小安
840106,邢磊
12261173,许歌淳一
1038353,西楼
5776,小宇
12774907,晓华
1050785,习冠
5951,小贱
789541,小义
784472,小人
5894,徐鲤
12250110,肖央
5806,许绍洋
12132342,徐子洋
225767,Danny_AhBoy许佳麟
5775,熊天平
5810,徐嘉良
5849,谢东
1081202,谢雨维
1050467,谢路昊
5924,小5
979027,Ayan
1046333,小少焱
5798,小肥
13080286,鑫哥
12263331,小阿堂
1156213,徐峥
5963,小皮
12054395,熊梓淇
1049020,谢旦
1049696,老猫
12111129,希介
13056465,徐鹤尼
12166196,小艾EYE
1132686,徐云霄
13972109,肖战
186010,徐克
5788,小虫
5995,小猛
837328,许鹤缤
5897,谢天华
1039518,小微
5795,熊汝霖
5819,徐靖博
1087660,ANK
791328,熊熊作业
6055,小臭臭
5778,萧闳仁
1064054,西山居游戏音乐
6050,小灰
6006,小茶
12214065,小帽
174009,谢震廷
6066,杨宗纬
13058503,尤长靖
6068,杨坤
12448205,永彬Ryan.B
1079074,余佳运
6290,音频怪物
975714,叶洛洛
6211,幼稚园杀手
13056466,杨非同
1047065,佑可猫
1050364,Yee
13057508,余明君
13057509,岳岳
4903,尧十三
6075,庾澄庆
939088,易烊千玺
13899303,杨和苏KeyNG
188735,于毅
12378044,杨搏
6085,阎维文
956206,岳云鹏
6208,炎亚纶
6070,游鸿明
6076,俞灏明
1156283,于荣光
6288,颜小健
6107,易欣
12487045,尹毓恪
6100,余文乐
844123,云飞
6094,叶世荣
12468212,杨晓川
1038053,颜韵Ycy
6098,叶启田
13791380,妖蝠
1047223,玉璇玑
787025,杨栋梁
1054173,杨洋
12074471,于子将
6091,宇桐非
6443,印能法师
1158062,养鸡YoungG
6084,杨嘉松
6099,雨天
6092,亚东
1078374,伊丽莎白鼠
6067,尹吾
13057507,YiF张艺凡
1024313,余枫
1132938,月代彩
824125,尹熙水
6079,言承旭
6240,于魁智
6097,叶振棠
6072,永邦
947031,于嘉萌
12074935,袁弘
813378,约瑟翰庞麦郎
11991172,云天_Cloud
905413,于
13056468,于斌
13057505,杨羿
13057506,叶泓希
12369048,杨琨
12474633,杨梓鑫
6359,亦勋
736013,YoungQueenz
6065,郁冬
1039555,鱼果
6108,叶文辉
808050,杨炅翰
12615040,一盛
6145,尹相杰
6363,袁成杰
1182573,叶祖新
1046018,余柯
6156,杨洪基
1039073,岳伽南K!yo
1193417,于朦胧
14118414,优秀少年好好
12263502,夜未央
6242,Y Lam
12202288,杨子
6116,尤大淳
976004,牙牙乐
6171,郁钧剑
1064070,叶健
1132770,yocho
12048127,杨W
6120,袁小迪
12046331,杨烁
6071,杨培安
1063217,印良法师
1047252,袁接伟
12441085,杨旭
12219142,雅阁陌迁
1019376,杨学
820376,易思宏
955267,袁腾飞
6460,张学友
6731,赵雷
6457,张国荣
6472,张杰
6479,周柏豪
6453,张震岳
6452,周杰伦
6462,张敬轩
6454,张信哲
1038040,赵紫骅
6469,张宇
980025,周兴哲
12120150,朱星杰
6652,周传雄
13057513,朱正廷
13057511,郑锐彬
6456,周华健
1030001,周深
13058505,周锐
6473,郑中基
6730,周汤豪
1146108,朱贺
6487,张智霖
13058506,周彦辰
12151013,朱一龙
6491,郑伊健
6752,郑建鹏
1032247,赵钶
166016,张赫宣
1047015,张艺兴
1085116,张希
990177,赵海洋
6480,张栋梁
816103,纣王老胡
6459,张雨生
6458,郑钧
6729,赵照
6681,张翰
6495,钟镇涛
6474,钟立风
6468,郑智化
6464,张卫健
6463,赵传
6936,张北北
6470,郑源
1049983,张一山
1049276,知性的小方块
952073,赵烁
6498,郑少秋
12047866,张三李四
1047257,中华
961075,赵泳鑫
13059458,左叶
6455,张楚
6520,张振宇
6467,左小祖咒
6670,左宏元
6725,郑国锋
171008,朱梓骁
6483,赵鹏
794076,张宇桦
13972443,泽亦龙
6488,张过年
6891,赵英俊
1132738,张磊
6461,周云蓬
6476,张智成
229274,郑海龙
6982,祝贺
6481,张洪量
817016,张静波
13056470,张奕轩
13056471,朱匀一
1060061,郑冰冰
6494,张镐哲
992001,张阳阳
187624,Q.luv
1078020,朱强
1078291,翟
1023288,郑子威
6661,周志华
1084119,张晏铭
12152019,张力夫
1071044,张渠
1043044,中国放碟者
12369107,朱兴东
897170,朱克
6501,张明敏
1039550,张思桐
6509,赵季平
7032,钟一宪
1097002,詹昊晁
10704,赵鑫
1018074,张尧
13056469,张达源
939083,郑俊弘
954410,周三
6734,朱铭捷
1049200,周星驰
12154356,张穆庭
8103,花粥
7763,G.E.M.邓紫棋
14312549,王贰浪
1007170,陈粒
7214,蔡健雅
9548,田馥甄
12025552,双笙
9255,任然
12037229,木小雅
893259,金玟岐
9621,王菲
8926,莫文蔚
13128032,王大毛
9272,孙燕姿
9940,徐佳莹
12085562,买辣椒也用券
12292708,阿涵
1039895,谢春花
1053026,曾惜
12947071,胡66
7122,阿肆
840134,刘瑞琦
10204,杨千
188565,银临
10473,袁娅维
12172529,封茗寰
9270,萨顶顶
27693474,火箭少女101
10558,周笔畅
12258420,AY罾腥
768208,AGA
8336,林忆莲
906118,洛天依
10559,张惠妹
1024308,张碧晨
9952,谢安琪
10142,玄觞
10368,杨紫
7762,郭采洁
8326,刘若英
1071031,Jam
961358,不才
12003038,凯瑟喵
8325,梁静茹
1056002,三无MarBlue
7409,岑宁儿
10750,曾轶可
1081635,二珂
12277185,锦零
978026,徐薇
12038016,李瑶
7219,蔡依林
9945,萧亚轩
188558,Aki阿杰
8334,刘惜君
7225,陈慧娴
7235,陈慧琳
7217,陈绮贞
7570,邓丽君
12382970,陈雪凝
8321,陈芳语
7063,A-Lin
7907,何洁
12419710,曲肖冰
12107534,冯提莫
9178,曲婉婷
12262303,于果
12084352,漆柚
1047282,泠鸢yousa
9615,吴雨霏
7898,HITA
12408182,薛明媛
12532848,小潘潘
7535,戴佩妮
1124151,刘柏辛Lexie
9605,卫兰
9489,谭维维
9941,许飞
7061,阿桑
918054,刘珂矣
9061,那英
10561,张靓颖
13112043,鞠文娴
29052216,杨梓琪呀
7890,黄龄
1158065,宇西
10557,张悬
7891,韩红
9604,王若琳
981005,云の泣
12157330,周星星
10562,张韶涵
12077204,陈壹千
8327,李宇春
9606,王心凌
10572,张芸京
13581257,王理文
12347360,JC陈泳彤
8259,金莎
14312549,王贰浪
12025552,双笙
12037229,木小雅
12085562,买辣椒也用券
12292708,阿涵
12172529,封茗寰
12258420,AY罾腥
12003038,凯瑟喵
12277185,锦零
12038016,李瑶
12382970,陈雪凝
12419710,曲肖冰
12084352,漆柚
13112043,鞠文娴
29052216,杨梓琪呀
1158065,宇西
12157330,周星星
12077204,陈壹千
12386867,桃十五
1198113,李上安
12288688,麦小兜
1197126,菌菌酱
12184145,Akie秋绘
12276375,NINEONE
12172496,阮豆
12472506,习谱予
12065133,以冬
12064097,CANNIE(晴子)
13450163,李哈哈
12079173,小时
13796005,祖小双儿
12184568,卫彬月
12120088,李佳思
12452098,阿冷
28416044,野小马
1213008,龚子婕JessieG
12071053,齐悦
12037181,徐海俏
12936258,果妹
12120174,Biscuits
12291562,Quinn葵因
12227509,程嘉敏
12109163,愚青
12383659,黑猫
12206844,丁芙妮
12093597,亮声open
12065031,孟大C
12282385,谣君
12360098,Hero-R
12128010,ZER0
12205120,洛尘鞅_vvv
12271646,郁欢
12194916,kidult.
12236114,夏璃夜
12111209,千月兔
12085330,南偿
12200577,程思佳
12105057,苏诗丁
13148288,颜妹
12454966,李诗萱
12568026,小白羊HUSH
13867291,千秋雪Candaramsi
12258611,王金金
12084525,大笑
13794759,紫堂宿
12185714,王欣宇
12140348,倪莫问
12287393,苑笙
12126791,张罐子
12228729,河豚
12138215,傅酥
12308369,黄诗扶
12039080,居里里
12085134,李惠芹
12185379,蜡笔大Boom
28300922,kie音乐
13451731,欧阳耀莹
12258615,Y.A
12228582,阿泱
12119310,执纸大魔王
12275337,MoreanP
12276581,林嘉莹
12308198,熙er
12194080,方拾贰
12125049,初夏小溪
12195788,芝麻Mochi
28186244,海草
15196423,李贰叁
12308136,纳豆
27871544,小嘉玲
12204264,喵酱mio
12199577,阿颖不说话
27730160,苗田雨
12769394,木秦
12084089,熊子
12579333,不萝
12271427,蓝褶
12226365,兰芽yaya
12198057,柚子茶
12206504,匀子
7122,阿肆
768208,AGA
188558,Aki阿杰
7063,A-Lin
7061,阿桑
1049681,阿细
7076,阿兰
7095,阿鲁阿卓
7138,安九
1083080,AlmiraAlim
7100,阿悄
12457016,安悦溪
167006,艾怡良
7067,安又琪
27888530,安芷仪
7117,艾歌
1047035,安蕾尔
12073210,ARIS
784444,艾菲
7074,安琪
7083,阿轮
1073068,阿木宇梅
7120,安琴
7066,艾敬
1047213,Asat
7085,艾雨
7070,爱戴
7064,阿雅
12098013,叶雨蒙
7080,阿佳
12896122,A.LOVE
7065,阿朵
7062,aniDa
7060,安以轩
7118,阿斯根
7115,阿斯满
12487130,安妮
7097,Angelababy
7077,阿幼朵
12262110,阿紫酱
1053195,阿栀
7068,阿果
7105,安心亚
7073,艾心
12870621,艾格
1124458,奥云格日乐
12170037,Anpu
1032110,艾晓琪
12155115,阿Sa
7116,艾丽雅
7098,Angelita Li
223040,敖都
7103,阿T那
7075,艾晴晴
1124124,阿妍
7110,艾莉莎
992027,Anna Liu
1101117,ASUKA
1080121,安歌
14471206,阿瑶stin
12561006,安那
7096,爱慧娜
905823,安晨妤
7071,艾青
13972129,艾贝拉Bella
27695853,ALL-RANGE
7069,阿丽玛
12136045,AlexiskWong
12467116,艾丽娅琪琪格
7093,阿木乃
12061121,安顺雨
1028203,阿喜林育品
7089,阿雯
1084057,AC娘
12320212,aoi@香菇她妈
7078,艾梦萌
7081,艾俐
7101,阿莲
1031037,安俐娜
1032400,安娜
1190150,爱纱 (AiSa)
7082,Amy Mastura
7102,阿贝
7099,Astor Fong
12202546,阿妮桑
7072,阿紫
7079,鞍安
7108,阿美
14469163,阿妙
12335194,安娜伊思・马田
1015413,黄安安
12090100,阿爆
27693296,安之若素
15023158,爱笑的雪莉吖
1135214,阿索
7156,AGG
7142,阿Vane
12035019,阿紫
1156027,安瑞甜
12137025,艾美琦
961358,不才
7169,比莉
7200,本兮
7191,白冰
7201,白晓
1047427,白百何
894035,Britneylee小暖
13971119,卜冠今
12103042,包包.suyi
12828308,北岛诗
7158,包美圣
7181,冰淇
7159,白雪
11973040,冰冰超人
7189,白若溪
7162,本多RuRu
7157,巴奈
7160,白光
996332,白云
886208,毕夏
7144,白婧
7175,巴哈尔古丽
7192,白安
7166,柏安妮
1078051,博嫣在旅行
7195,冰弦
7185,蓓丽
976210,白桦树娃娃
7170,包娜娜
1054137,边巴德吉
1097160,半刃初蓝
7172,柏文
979080,拜尔娜
7167,巴桑
797151,巴桑拉姆 
12023562,贝贝
1063116,包萨仁高娃
7161,鲍翠薇
7171,贝贝
1046066,卜小可
12176238,Bella
7178,白冰冰
7184,巴雅尔其其格
7174,白虹
7188,白晶
7207,巴姆
12062106,白荷
13581186,
840086,包晓云
12603258,白鹿
7186,宝玲
7194,鲍蕙荞
12576094,贝影
12993080,毕文婷
12107182,卜星慧
7163,宝罗
1156174,Bella.芋头
12209035,百灵
1041114,白尔雅
12250204,包晗言
7202,白雪
7165,碧娜
7176,宝佩如
7173,白嘉倩
7164,巴度
1132806,白文文
12213276,柏皎
1174030,BING
7209,白茔
7180,鲍正芳
7193,白杨
157651,蓓蕾
12033053,白萍
1033010,千幻入梦
927026,白雅彤
12290226,邦妮
7187,斑斑
1032198,Babara
203207,白歆惠
13278223,宝蓝
13227046,暴走萝莉
1046487,bq就是BQ
791410,布布
1147031,白雪
13579142,白鹿墨缘
7168,白紫
7199,白嘉莉
12385104,柏雪
12073384,毕兰婷
7204,白尔
1047331,白芳菲
999218,包蔓
975370,不装盐
896733,碧瑶
912032,半夏
7205,班嘉佳
12046921,柏梅
12335267,卜卜
7203,白雪
14056275,宝儿
1007170,陈粒
7214,蔡健雅
1053026,曾惜
7409,岑宁儿
7219,蔡依林
7225,陈慧娴
7235,陈慧琳
7217,陈绮贞
8321,陈芳语
7439,陈洁仪
13161063,陈秋含
973004,程璧
189347,CRITTY
7215,曹方
7220,蔡琴
1003026,茶理理
7481,崔子格
861203,陈小熊
7419,崔天琪
12097022,程潇
7224,陈淑桦
7221,蔡淳佳
7647,陈嘉桦
10763,曾沛慈
7228,陈瑞
951001,陈梓童
7227,蔡卓妍
7486,陈僖仪
7216,陈珊妮
7346,陈小云
7424,程响
7233,陈明
1079020,凑诗
7266,陈苑淇
7342,陈韵若
223780,陈每文
1172029,池年
12416055,崔阿扎
7244,陈洁丽
7298,陈晓琪
7363,陈柯
791100,陈姿彤
1146112,曾婕Joey.Z
203161,曾之乔
7242,常静
7461,陈力
7286,车婉婉
7234,陈琳
7236,陈明真
7226,陈悦
1049131,陈意涵
12062139,曾咏熙
1047211,曾小Cee
13046127,陈忻h
7483,陈思诺
7237,蔡幸娟
7402,次仁央宗
960004,陈一玲
1141009,岑日珈
7248,蔡秋凤
1164045,曾咏欣
7232,陈松伶
7524,陈妍希
7273,陈诗慧
1038331,王熠熠
7218,Corrinne May
10570,曾淑勤
7259,陈思思
7308,陈红
7395,蔡文静
7264,陈雅雯
1089157,柠露
12326211,蔡佩轩(Ariel Tsai)
7240,陈倩倩
1042003,陈慧敏
1004008,陈
7371,曹芙嘉
7262,陈慧珊
7291,陈文媛
7284,陈影
7238,程琳
7379,常艾非
1039897,穿越君
7399,陈娟儿
12145017,曾大块儿
10660,曾路得
27694755,陈意涵
1047289,醋米
10905,曾静玟
1045013,YEHAIYAHAN
1039021,曾楠
7280,陈盈洁
7288,陈思安
156357,崔萍
7281,成方圆
7515,陈思涵
7255,陈艾湄
7278,蔡龄龄
12475317,陈小硕
7258,曹颖
7570,邓丽君
7535,戴佩妮
7537,邓丽欣
7600,邓福如
181007,窦靖童
28389406,段奥娟
7591,杜婧荧
13610051,DJ舞曲
7538,戴爱玲
7541,董贞
12900544,窦佳
10711,邓瑞霞
7548,邓颖芝
12492619,弹唱小蓉
12806014,东方晴儿
9727,呆宝静
7544,董文华
999451,DJ Soviet
7534,丁当
7536,丁薇
7620,段丽阳
7542,戴娆
7540,德德玛
7590,丁爽
13044078,大冬
1038231,Doris小武
1038330,DJ小星星
1046217,大包子Dabozz
985006,豆子糖
7553,戴辛尉
27695965,嘟嘟姐晶晶
166033,丁丁
8093,东方红艳
7597,邓芷茵
7592,邓涛
7612,段林希
12108770,迪丽热巴
1039917,DJ曾经
7631,丹巴旺姆
7549,杜丽莎
7550,戴梦梦
166035,带泪的鱼
12047158,大娇娇
12097087,黛米
7585,德乾旺姆
7545,段玫梅
14469457,Dani
7589,丁红
7546,杜岩
7551,迪里拜尔
14712067,单艺
12872139,丹Sir
704012,叮当
13642178,大神慧
7552,董沁
7547,邓妙华
12145095,杜美娜
7614,代悦
7587,邓玉华
9414,单秀荣
7580,段银莹
976291,代茜
12475153,达娃卓玛
741116,邓雯心
7539,黛青塔娜
1049339,东方栀子
14470545,杜雯q
817162,单夕
7606,Dechen Shak-Dagsay
1004085,大若
816410,代梓琪 
7605,董璇
168016,大山
12251309,邓文怡
7626,豆豆
7557,丁菲飞
1116330,毒药
1081796,董雪婷
7576,达坡玛吉
12998471,呆晴 
1097019,东方依依
9376,单雯
7559,丁小芹
7543,丁文琪
12462432,邓童天
12533721,邓滢滢
13581185,邓莎
7593,邓小巧
7630,董洁
7563,杜雯惠
7565,刀妹
9404,单仰萍
7562,戴蕴慧
1039784,大H
7619,丁酉酉
7571,大灿
7596,董育君
797130,单丹
7582,嘟嘟
1081635,二珂
12976783,二嘉
790026,Evin.柒
1041100,二直
12046954,Erika
1043193,贰鱼
7645,鄂尔佳明
1132666,EYLICS
14099262,娥子
1102228,二米
1180043,尔玛阿依
28897457,恶魔
7646,尔玛依娜
7649,EKEE
30024242,Emma 
13498161,Eva
30530224,二薇
942001,贰哲
12107534,冯提莫
203162,方雅贤
7651,冯曦妤
7652,范玮琪
7730,绯村柯北
1043310,千界
7662,范晓萱
7667,凤飞飞
7713,樊竹青
797269,方糖泡泡
7653,傅颖
12212046,范媛媛
7680,樊桐舟
11974075,冯佳琪
7665,付娜
7654,方季惟
7657,傅佩嘉
7738,Finale
7668,方皓玟
7675,方芳
7709,范琳琳
7705,付梦妮
7658,范文芳
7664,方文琳
12441367,Faye 飞
1021341,FiFi Rong
7655,范冰冰
1132405,方圆
7752,Febmor
7720,傅锦华
7660,冯玮君
1132167,KuRy颜酱
7656,法蓝
7672,方丽盈
12108959,付春霞
12131582,方琦
7685,方瑞娥
7702,范世琪
1047048,范小蛙
1150307,Fran
7725,冯欣蕊
7718,方琼
854750,方雪雯
7728,冯圣雅
1047430,枫影儿
7670,范上娥
1005038,樊玲
7719,冯欣慧
7722,范怡文
7749,方亚芬
12463434,风语
7744,Febe
7661,冯颖琪
7663,风中采莲
7741,方圆
12555391,方艺谚
7712,范蓁蓁
7707,冯健雪
1080031,范小倩
7682,方怡萍
7669,方丽仪
223700,冯丽媛
7732,方心美
27693342,樊韵儿
1074106,方琼妮
1137114,Fergie飞机
1124367,绯儿
7691,方伊琪
1050159,芳蓉
7674,方子颖
991217,Fran
7698,浮瑶
7739,方初善
13023059,方迩羲
7659,傅薇
7748,方小菲
7727,方宥心
7681,方晓青
11994031,冯家妹
7758,方艾琳
7684,费星
7666,符琼音
7733,范海荣
12046852,方妍
7688,范媛媛
138672,方逸华
28898359,方泳湘
7726,费坚蓉
12096333,方丽儿
7723,菲儿
7687,范玮卿
1035025,付曼
7693,冯宝宝
7696,傅天颖
961182,方少珊
1033011,福朵朵与拾荒乐队
12817021,疯格
7717,芳子
27692352,傅菁
1026124,fifi
7763,G.E.M.邓紫棋
7762,郭采洁
816358,高姗
7768,关淑怡
7777,高胜美
7864,关诗敏
7760,郭静
7767,关心妍
7837,龚芝怡
1061047,过又嘉
7779,高慧君
7866,龚淑均
7783,郭美美
7771,龚h
7780,官恩娜
986035,葛雨晴
7378,郭燕
7834,格格
1150075,关晓彤
7785,龚琳娜
7807,甘萍
12309137,高梦谣
14313379,高丽馥
908167,格子兮
8320,葛仲珊
7781,郭兰英
7773,关菊英
7862,谷微
7839,关颖
7843,谷建芬
820308,桂雨
12186013,桂莹莹
7810,顾媚
7764,关牧村
7784,郭嘉璐
12301012,高丽霞
12458174,郭欣桐
7845,郭玲
7782,古璇
7876,高晨薇
12895024,乖白
7824,郭书瑶
7791,郭美孜
1049250,郭妮
7874,贯诗钦
7772,郭易
7795,郭乔伊
7789,顾莉雅
28083376,高隽雅
7799,关之琳
28389489,Grace
156377,葛兰
686027,干露露
854289,耿巧云
7861,郭欢
7765,龚诗嘉
7858,龚秋霞
7796,葛洛力
12097107,郭宴
7877,弓秀丽
1064018,孤竹翊
7883,龚隐雷
12493255,鬼鬼
854292,管波
12436072,龚爽
7870,巩俐
7812,官灵芝
7793,甘雅丹
12107038,郭飞宏
7833,Gloria Tang
11999082,郭涛
166028,古筝
7836,歌者森
7906,郭慧敏
7801,谷祖琳
12053098,郭娅丽
11986017,葛荟婕
7814,郭淑珍
7774,龚柯允
7819,葛瑞莲
7832,杠宝
1046252,岗嘎措
915005,郭燕妮
7823,高菲
1047323,龚蓓
1054157,尕尔迪
1049014,顾盼盼
14512460,郭雪芙
7835,格桑达娃
1047143,顾瞳瞳
7802,高茜
1050164,歌手王可儿
7776,关燕仪
15251040,顾柠
7821,桂纶镁
858378,郭一橙
12441043,高咏梅
7880,高翊馨
7847,瓜尔加
7775,高以爱
8103,花粥
12947071,胡66
27693474,火箭少女101
7907,何洁
7898,HITA
7890,黄龄
7891,韩红
7896,黄小琥
12098150,贺敬轩
7912,韩宝仪
8022,何曼婷
1192131,韩旭
7901,黄雅莉
7931,胡杏儿
7894,韩雪
7993,海楠
7903,黄莺莺
7920,何璐
1026069,花僮
1021056,胡杨林
1048023,花世
7935,黄伊汶
7946,黄绮珊
7905,韩晶
805488,胡莎莎
1015463,胡艾彤
7995,郝蕾
7919,黄琬婷
976095,黄d玮 Zooey Wonder
7944,胡雯
7998,杭娇
8107,黄美珍
8062,灰色
964292,黄婧
13227448,HAMY何美延
7924,黄宝欣
14885023,花玲
8044,何雁诗
7922,黄江琴
8006,黄英
7893,黄韵玲
7959,胡静
12073702,花近
7902,哈琳
7958,胡灵
1045082,AHeeWang
7932,何婉盈
7895,侯湘婷
8029,洪辰
12388037,韩丹彤
7925,胡琳
12164015,胡定欣
7917,何嘉丽
7897,黄淑惠
7914,黄乙玲
7892,何真真
854455,黄宇希
7916,胡蓓蔚
8009,黄灿
8039,哈辉
7964,杭天琪
7923,黄思婷
7982,何静
7921,何如惠
14099603,花姐
7965,黄奕
8109,杭士I
7900,黄慧音
8115,哈布尔
8017,胡芳芳
7972,衡越
7887,何欣穗
13497194,火线妹
1047301,红料
7936,何伶
861226,黄晶
27692219,韩玖诺
7888,黄小桢
1047385,何伊冉
8112,胡丹丹
849066,蛤小蟆
8100,侯莉君
7128,黄佳佳
7934,黄圣依
1043053,何Z昕
8011,黄婉婷
12335239,胡可
27694750,何韵
1038350,四四
8086,何艺纱
8067,哈斯托娅
7910,何耀珊
8066,贺世哲
1146057,胡拾梅
7911,黄妃
7939,胡美仪
7941,何俐恩
7997,胡晓晴
7899,韩真真
7942,黄敏华
1047209,IRiS七叶
13972144,ikun安心
29961284,Irina
12263155,Iris安
30111247,Irina Flow
1080043,Aribex
893259,金玟岐
1071031,Jam
12347360,JC陈泳彤
8259,金莎
1032298,鞠婧t
12262634,季彦霖
8281,金南玲
8151,金海心
8153,江语晨
166018,吉克隽逸
8147,江美琪
8220,江映蓉
12130015,蒋瑶佳
8170,江珊
8162,金池
8229,JW
1039270,井宿
1108099,Julia Wu
1066136,JUSF周存
8332,降央卓玛
8234,蒋雪儿
12859049,佳利
8155,江一燕
1015649,J.Arie
8163,江蕙
1047384,纪川久
9154,瞿颖
12043068,蒋欣
952093,贾玲
12273317,菊梓乔
1097156,JUDE
976213,寂悸
8205,蒋倩
8157,江若琳
8149,伽菲珈而
8214,金美熙
8245,金娃娃
8243,金铭
12545030,江轩
13058516,江疏影
8242,蒋小涵
8176,纪如Z
1047069,金琳
14468176,蒋道理
8156,江淑娜
10247,敬善媛
12250146,金雯昕
8289,金伶
8152,贾立怡
8210,景甜
8256,涓子
12492472,荆纯
8257,江蕾
8165,金素梅
8146,姜昕
8238,蒋婷
8177,纪丹迪
1047261,江子修
8160,江希文
8226,蒋卓乐
7143,蒋姗倍
8201,蒋嘉莹
12504167,贾添
905705,剪影姐
8164,蒋丽萍
10107,解伟苓
29303239,靓baby
690001,家家
1049568,贾孟昕
1047362,九渊
1047338,吉特巴
985322,贾婷婷
8166,金佩姗
8158,姜小青
1081757,蒋婴
8196,嘉琳
8224,姜宇清
1039386,Jenny伊
1060045,京晋
8218,金玲
8183,姜婷婷
1050171,简里里
12068043,蒋钰华
8274,贾静雯
8150,纪晓君
8251,纪文惠
8174,江玲
12049078,姜姿伢
12154070,金钰儿
15021242,叫宝宝
12292517,叶菁菁
8208,鞠秀芳
8255,金永玲
8223,金曼
8171,金瑞瑶
1097007,Jeannie Hsieh 
1064013,姬楚楚
1164019,江玲
8207,静婷
962304,江欣燕
8304,邝美云
1047179,括号君
8291,侃侃
1096076,可泽
8298,柯以敏
13163285,卡小卡
844760,Karey天天
189833,可歆
12995419,柯子颜
15022268,KUNS_Radiance
13227493,康m
837334,凯蒂・莉莎
8312,孔莹
8301,可晴
12036070,可可
8315,可儿
1043475,柯泯薰
15022267,kuns Fairy守护站
8316,K娃
8294,柯佩磊
12138430,KAKA
8296,柯以柔
12302273,匡桐菲
12892084,卡伊拉
1094112,SukkiTu
13110849,Karencici (林恺伦)
12251197,KAMA
8295,可岚
1124319,科尔薇
12095163,恺乐
15059542,可乐就是力量
868132,KeyKi
934062,可心
8300,苦菜花
8292,康净淳
1156187,孔兰兰
791147,可艺
8293,邝文
1044148,孔宪孜 Kyrie
8311,柯庭燕
1120016,K娜
7502,Kylie Choy
8297,孔兰薰
8318,柯美利
29490400,Kiya余霖子
12136040,可儿
1085090,苦荞儿
831546,柯佳青
8303,可佳
8322,孔子雯
8299,况明洁
8308,kayi大头佳
14469143,咖妃
12332282,Kara
12036024,卡丽妲
1039758,孔令晴
29490313,Kenneth
14098079,KinmiDai
13972413,酷七
1001007,康澍
30446697,孔莲波
30903259,空谷幽兰
27693797,孔德x
29490415,康芮
15023153,康婵玉
29238347,康妮啊啊
14713041,孔珍
28103283,柯琴琴
12506161,柯梦婷
27696035,空杉
12151021,孔媛
15249067,kiki
30616240,凯西Cathy
14711123,孔筱丹
30528408,Kelly 家蓁
12098015,寇丹
30315424,咖喱咖啡
789431,康苗
