Number,ASN,Name,IPv4 Num IPs,IPv6 Num IPs(/64),AsPageUrl
1,AS4134,"CHINANET-BACKBONE No.31,Jin-rong Street, CN",114606080,17596483305472,https://whois.ipip.net/AS4134
2,AS4538,"ERX-CERNET-BKB China Education and Research Network Center, CN",18218240,17592186109952,https://whois.ipip.net/AS4538
3,AS4611,"XINHUANET-AS CNNIC member, CN",4864,0,https://whois.ipip.net/AS4611
4,AS4808,"CHINA169-BJ China Unicom Beijing Province Network, CN",7132416,146370854912,https://whois.ipip.net/AS4808
5,AS4809,"CHINATELECOM-CORE-WAN-CN2 China Telecom Next Generation Carrier Network, CN",679008,4302569472,https://whois.ipip.net/AS4809
6,AS4812,"CHINANET-SH-AP China Telecom (Group), CN",8670784,209195565056,https://whois.ipip.net/AS4812
7,AS4813,"BACKBONE-GUANGDONG-AP China Telecom(Group), CN",46944,536870912,https://whois.ipip.net/AS4813
8,AS4815,"CHINANET-IDC-SH China Telecom (Group), CN",512,0,https://whois.ipip.net/AS4815
9,AS4816,"CHINANET-IDC-GD China Telecom (Group), CN",383120,822280192,https://whois.ipip.net/AS4816
10,AS4835,"CHINANET-IDC-SN China Telecom (Group), CN",629504,268435456,https://whois.ipip.net/AS4835
11,AS4837,"CHINA169-BACKBONE CHINA UNICOM China169 Backbone, CN",58832896,1206349135872,https://whois.ipip.net/AS4837
12,AS4842,"TIANHAI-AS-AP Tianhai InfoTech, CN",1024,2293760,https://whois.ipip.net/AS4842
13,AS4847,"CNIX-AP China Networks Inter-Exchange, CN",7434240,52076609536,https://whois.ipip.net/AS4847
14,AS4859,"CEISTNET-AS-AP The State Information Center of P.R.China, CN",4096,4294967296,https://whois.ipip.net/AS4859
15,AS7497,"CSTNET-AS-AP Computer Network Information Center, CN",2157824,77309411328,https://whois.ipip.net/AS7497
16,AS7638,"BJ-INTERWAY BTV INTERWAY CULTURAL COMMUNICATIONS, CN",8192,0,https://whois.ipip.net/AS7638
17,AS7640,"CITICNET China International Trust & Investment Corporation Management Information Center, CN",4096,0,https://whois.ipip.net/AS7640
18,AS7641,"CHINABTN China Broadcasting TV Net, CN",1189888,8800387989504,https://whois.ipip.net/AS7641
19,AS9298,"GHXTNET Beijing GuanghuanXuntong Digital Technology Co.,LTD., CN",73728,0,https://whois.ipip.net/AS9298
20,AS9306,"CIECC-AS-AP China International Electronic Commerce Center, CN",98304,0,https://whois.ipip.net/AS9306
21,AS9308,"CHINA-ABITCOOL Abitcool(China) Inc., CN",177664,0,https://whois.ipip.net/AS9308
22,AS9389,"UNSPECIFIED BEIJING SHENZHOU GREATWALL COMMUNICATION, CN",204800,0,https://whois.ipip.net/AS9389
23,AS9391,"UNSPECIFIED GUANGDONG HIGHWAY BROADBAND NETWORK SERVICE CENTE, CN",16384,0,https://whois.ipip.net/AS9391
24,AS9394,"CTTNET China TieTong Telecommunications Corporation, CN",20238080,0,https://whois.ipip.net/AS9394
25,AS9395,"GXBLNET BeiJing Guoxin bilin Telecom Technology Co.,Ltd, CN",796672,0,https://whois.ipip.net/AS9395
26,AS9401,"NLC-CN-AS National Library of China, CN",768,0,https://whois.ipip.net/AS9401
27,AS9405,"TPS-CN-AS Test platform Service Center, CN",1024,4294967296,https://whois.ipip.net/AS9405
28,AS9535,"ONE-NET-HK INTERNET-SOLUTION -HK, CN",26624,0,https://whois.ipip.net/AS9535
29,AS9800,"UNICOM CHINA UNICOM, CN",0,4294967296,https://whois.ipip.net/AS9800
30,AS9801,"ZGCIE-CNNIC Beijing Zhongguancun Information Technology Co. Ltd, CN",159488,0,https://whois.ipip.net/AS9801
31,AS9802,"CHINA-ABITCOOL Abitcool(China) Inc., CN",369664,0,https://whois.ipip.net/AS9802
32,AS9803,"JINGXUN Beijing Jingxun Public Information Technology Co., Ltd, CN",124928,0,https://whois.ipip.net/AS9803
33,AS9806,"BJENET Beijing Educational Information Network Service Center Co., Ltd, CN",4096,0,https://whois.ipip.net/AS9806
34,AS9807,"GOVSTATS Data Management Centre National Bureau of Statistics of China, CN",16384,0,https://whois.ipip.net/AS9807
35,AS9808,"CMNET-GD Guangdong Mobile Communication Co.Ltd., CN",37590272,17596481011712,https://whois.ipip.net/AS9808
36,AS9809,"NOVANET Nova Network Co.LtdRoom 1205, Building A, Science & Technology Innovation Plaza, Tianan Cyber Park, Futian District, District, Shenzhen,China, CN",16640,0,https://whois.ipip.net/AS9809
37,AS9810,"TNSNET Beijing Times Netstar Technology Co.,Ltd, CN",5888,0,https://whois.ipip.net/AS9810
38,AS9811,"BJGY srit corp.,beijing., CN",198400,0,https://whois.ipip.net/AS9811
39,AS9812,"CNNIC-CN-COLNET Oriental Cable Network Co., Ltd., CN",1785856,0,https://whois.ipip.net/AS9812
40,AS9814,"FIBRLINK Beijing FibrLINK Networks Co.,Ltd., CN",343808,8589934592,https://whois.ipip.net/AS9814
41,AS9886,"MC-AS-AP MercyCloud Network, CN",256,65536,https://whois.ipip.net/AS9886
42,AS9929,"CUII CHINA UNICOM Industrial Internet Backbone, CN",714752,1073872896,https://whois.ipip.net/AS9929
43,AS9939,"ANLAI-AP AS for Anlai, CN",57344,0,https://whois.ipip.net/AS9939
44,AS10206,"CUZW-CN China Unicom Zhongwei Cloud, CN",6144,4429185024,https://whois.ipip.net/AS10206
45,AS10212,"CHINAENTERCOM China Enterprise Communications Ltd., CN",110592,4294967296,https://whois.ipip.net/AS10212
46,AS17428,"CHINA-ABITCOOL 21Vianet.Co.,Ltd, CN",19200,4294967296,https://whois.ipip.net/AS17428
47,AS17429,"BGCTVNET BEIJING GEHUA CATV NETWORK CO.LTD, CN",999424,0,https://whois.ipip.net/AS17429
48,AS17430,"GWBN-CHENGDU Beijing XiRang Media Cultural Co., Ltd., CN",1201152,0,https://whois.ipip.net/AS17430
49,AS17431,"TONET Beijing TONEK Information Technology Development Company, CN",72192,0,https://whois.ipip.net/AS17431
50,AS17457,"YAHOO-AU-AP internet content provider, CN",5888,4294967296,https://whois.ipip.net/AS17457
51,AS17490,"ETFIBER-AS Broadhand IP Network based DWDM, CN",36864,0,https://whois.ipip.net/AS17490
52,AS17621,"CNCGROUP-SH China Unicom Shanghai network, CN",1076992,19637731328,https://whois.ipip.net/AS17621
53,AS17622,"CNCGROUP-GZ China Unicom Guangzhou network, CN",832768,1681391616,https://whois.ipip.net/AS17622
54,AS17623,"CNCGROUP-SZ China Unicom Shenzen network, CN",675072,346554368,https://whois.ipip.net/AS17623
55,AS17633,"CHINATELECOM-SD-AS-AP ASN for Shandong Provincial Net of CT, CN",8192,0,https://whois.ipip.net/AS17633
56,AS17638,"CHINATELECOM-TJ-AS-AP ASN for TIANJIN Provincial Net of CT, CN",723456,25769803776,https://whois.ipip.net/AS17638
57,AS17739,"HAPLINK-CN-AP Shanghai Telecom Haplink Network Co., Ltd, CN",8192,0,https://whois.ipip.net/AS17739
58,AS17775,"STN-CN shanghai science and technology network communication limited company, CN",62208,0,https://whois.ipip.net/AS17775
59,AS17776,"CHINAENTERCOM China Enterprise Communications Ltd., CN",256,0,https://whois.ipip.net/AS17776
60,AS17780,"BJENET BEIJING EDUCATION INFORMATION SERVICE CENTER, CN",512,0,https://whois.ipip.net/AS17780
61,AS17785,"CHINATELECOM-HA-AS-AP asn for Henan Provincial Net of CT, CN",1280,0,https://whois.ipip.net/AS17785
62,AS17799,"CHINATELECOM-LN-AS-AP asn for Liaoning Provincial Net of CT, CN",212480,536870912,https://whois.ipip.net/AS17799
63,AS17816,"CHINA169-GZ China Unicom IP network China169 Guangdong province, CN",4794368,217432719360,https://whois.ipip.net/AS17816
64,AS17897,"CHINATELECOM-HLJ-AS-AP asn for Heilongjiang Provincial Net of CT, CN",165888,402653184,https://whois.ipip.net/AS17897
65,AS17962,"TOPWAY-NET ShenZhen Topway Video Communication Co. Ltd, CN",720896,65536,https://whois.ipip.net/AS17962
66,AS17964,"DXTNET Beijing Dian-Xin-Tong Network Technologies Co., Ltd., CN",2726144,17179869184,https://whois.ipip.net/AS17964
67,AS17966,"CIBN China Information Broadcast Network Ltd.Co., CN",8192,0,https://whois.ipip.net/AS17966
68,AS17968,"DQTNET Daqing zhongji petroleum telecommunication construction limited cpmpany, CN",438272,0,https://whois.ipip.net/AS17968
69,AS17969,"CNNIC-KUANCOM-AP Beijing Kuancom Network Technology Co.,Ltd., CN",90112,0,https://whois.ipip.net/AS17969
70,AS18118,"CNNIC-CITICNET-CN-AP CITIC Networks Management Co.,Ltd., CN",393216,0,https://whois.ipip.net/AS18118
71,AS18239,"CAPNET-AS-AP Beijing Capital Public Information Platform, CN",65536,0,https://whois.ipip.net/AS18239
72,AS18241,"SPINET State Power Information Net, CN",2816,0,https://whois.ipip.net/AS18241
73,AS18242,"CDIH Chengdu Information Harbor Co., Ltd, CN",16384,0,https://whois.ipip.net/AS18242
74,AS18243,"SHANGHAI-EASENET Shanghai EaseNet Network Technology Development Co.,Ltd, CN",13824,0,https://whois.ipip.net/AS18243
75,AS18245,"FOUNDERBN CNNIC, CN",43520,4294967296,https://whois.ipip.net/AS18245
76,AS18257,"BITCOMM-AS ChangZhou Bitcomm Software Technology Co., Limited, CN",9216,131072,https://whois.ipip.net/AS18257
77,AS18344,"CNCGROUP-BACKBONE-NORTH USED IN NORTH CHINANET BACKBONE, CN",2560,0,https://whois.ipip.net/AS18344
78,AS23650,"CHINANET-JS-AS-AP AS Number for CHINANET jiangsu province backbone, CN",358144,3942711296,https://whois.ipip.net/AS23650
79,AS23724,"CHINANET-IDC-BJ-AP IDC, China Telecommunications Corporation, CN",3249408,22200647680,https://whois.ipip.net/AS23724
80,AS23771,"SXBCTV-AP SXBCTV ,Internet Service Provider, CN",505856,0,https://whois.ipip.net/AS23771
81,AS23839,"LIAOHEOILFIELD-AS-AP LiaoHe Oilfield Telecommunication Company, CN",16384,0,https://whois.ipip.net/AS23839
82,AS23840,"ITTEC-AS-AP Tianjin Advanced Information Products Corporation Ltd., CN",4096,0,https://whois.ipip.net/AS23840
83,AS23841,"TJBTN-AS23841 TIANJIN BROADCAST &TV NETWORK CO.LTD, CN",65536,0,https://whois.ipip.net/AS23841
84,AS23842,"SZINC-AS-AP Shenzhen Information and Network Center, CN",16384,0,https://whois.ipip.net/AS23842
85,AS23844,"BJ-GUANGHUAN-AP Beijing Guanghuan Xinwang Digital, CN",178176,0,https://whois.ipip.net/AS23844
86,AS23848,"PINGANCOM Shenzhen Ping An Communication Technology Co.,Ltd, CN",8192,458752,https://whois.ipip.net/AS23848
87,AS23851,"CNNIC-CQCNC-AP CHONGQING CNC BROADBAND NETWORKS CO.,LTD, CN",24576,0,https://whois.ipip.net/AS23851
88,AS23852,"CNNIC-NGNNET-AP Guangdong World Crossing Technology Investment Ltd., CN",6656,0,https://whois.ipip.net/AS23852
89,AS23853,"CNNIC-DSNET-AP Shanghai Data Solution Co., Ltd., CN",24064,4294967296,https://whois.ipip.net/AS23853
90,AS23910,"CNGI-CERNET2-AS-AP China Next Generation Internet CERNET2, CN",7424,17609365913600,https://whois.ipip.net/AS23910
91,AS23911,"CNGI-BJIX-AS-AP China Next Generation Internet Beijing IX, CN",768,4295032832,https://whois.ipip.net/AS23911
92,AS24059,"CMNET2-AS-AP China Mobile communications corporation, CN",768,0,https://whois.ipip.net/AS24059
93,AS24134,"CNNIC-CNLINKNET-AP CNLink Networks Ltd., CN",90112,0,https://whois.ipip.net/AS24134
94,AS24137,"CNNIC-HNPCNET-AP HeNan Ping Coal Group, CN",67584,0,https://whois.ipip.net/AS24137
95,AS24138,"CRNET_BJ_IDC-CNNIC-AP China Tietong Telecommunication Corporation, CN",1740800,0,https://whois.ipip.net/AS24138
96,AS24139,"WASUHZ Huashu media&Network Limited, CN",524288,0,https://whois.ipip.net/AS24139
97,AS24141,"CNNIC-DMTNET-AP Shanghai DMT Information Network cor.,LTD., CN",9984,65536,https://whois.ipip.net/AS24141
98,AS24143,"CNNIC-QCN-AP Qingdao Cable TV Network Center, CN",44032,0,https://whois.ipip.net/AS24143
99,AS24144,"LSHIYGROUP-AS-AP China LSHIY Group Co., Ltd., CN",0,1073741824,https://whois.ipip.net/AS24144
100,AS24147,"CNNIC-CBDTELENET-AP BEIJING CBD TELECOM CO,.LTD, CN",33280,0,https://whois.ipip.net/AS24147
101,AS24149,"CNNIC-KNET-AP Internet Domain Name System Beijing Engineering Resrarch Center Ltd., CN",0,65536,https://whois.ipip.net/AS24149
102,AS24151,"CNNIC-CRITICAL-AP China Internet Network Infomation Center, CN",16384,4295032832,https://whois.ipip.net/AS24151
103,AS24239,"TWD2-NET-AS-AP TWD2 Education and Research Network, CN",0,1114112,https://whois.ipip.net/AS24239
104,AS24302,"CRIS-CERNET-AS CRIS-CERNET, CN",256,65536,https://whois.ipip.net/AS24302
105,AS24311,"CNGI-CMNETV6-AS-AP China Mobile Communications Corporation IPv6 network, CN",4864,0,https://whois.ipip.net/AS24311
106,AS24348,"CNGI-BJ-IX2-AS-AP CERNET2 IX at Tsinghua University, CN",575232,4294967296,https://whois.ipip.net/AS24348
107,AS24349,"CNGI-BJ-IX3-AS-AP CERNET2 IX at Peking University, CN",368128,8589934592,https://whois.ipip.net/AS24349
108,AS24350,"CNGI-BJ-IX4-AS-AP CERNET2 IX at Beijing University of Posts and Telecommunications, CN",146432,4294967296,https://whois.ipip.net/AS24350
109,AS24352,"CNGI-TJN-IX-AS-AP CERNET2 IX at Tianjin University, CN",199680,0,https://whois.ipip.net/AS24352
110,AS24353,"CNGI-XA-IX-AS-AP CERNET2 IX at Xi'an Jiaotong University, CN",333568,4294967296,https://whois.ipip.net/AS24353
111,AS24354,"CNGI-LZH-IX-AS-AP CERNET2 IX at Lanzhou University, CN",136448,0,https://whois.ipip.net/AS24354
112,AS24355,"CNGI-CD-IX-AS-AP CERNET2 IX at University of Electronic Science and Technology of China, CN",370176,0,https://whois.ipip.net/AS24355
113,AS24356,"CNGI-CHQ-IX-AS-AP CERNET2 IX at Chongqing University, CN",105984,0,https://whois.ipip.net/AS24356
114,AS24357,"CNGI-GZ-IX-AS-AP CERNET2 IX at South China University of Technology, CN",1262336,4294967296,https://whois.ipip.net/AS24357
115,AS24358,"CNGI-WH-IX-AS-AP CERNET2 IX at Huazhong University of Science and Technology, CN",459520,0,https://whois.ipip.net/AS24358
116,AS24359,"CNGI-CHS-IX-AS-AP CERNET2 IX at Central South University, CN",121344,0,https://whois.ipip.net/AS24359
117,AS24360,"CNGI-ZHZ-IX-AS-AP CERNET2 IX at Zhengzhou University, CN",234240,4294967296,https://whois.ipip.net/AS24360
118,AS24361,"CNGI-NJ-IX-AS-AP CERNET2 IX at Southeast University, CN",760064,65536,https://whois.ipip.net/AS24361
119,AS24362,"CNGI-HEF-IX-AS-AP CERNET2 IX at University of Science and Technology of China, CN",199680,4294967296,https://whois.ipip.net/AS24362
120,AS24363,"CNGI-JNN-IX-AS-AP CERNET2 IX at Shandong University, CN",369664,4294967296,https://whois.ipip.net/AS24363
121,AS24364,"CNGI-SH-IX-AS-AP CERNET2 IX at Shanghai Jiaotong University, CN",1082880,8589934592,https://whois.ipip.net/AS24364
122,AS24367,"CNGI-HZH-IX-AS-AP CERNET2 IX at Zhejiang University, CN",116224,8590000128,https://whois.ipip.net/AS24367
123,AS24368,"CNGI-XMN-IX-AS-AP CERNET2 IX at Xiamen University, CN",123904,65536,https://whois.ipip.net/AS24368
124,AS24369,"CNGI-SY-IX-AS-AP CERNET2 IX at Northeast University, CN",328448,0,https://whois.ipip.net/AS24369
125,AS24370,"CNGI-DLN-IX-AS-AP CERNET2 IX at Dalian University of Technology, CN",125952,0,https://whois.ipip.net/AS24370
126,AS24371,"CNGI-CHC-IX-AS-AP CERNET2 IX at Jilin University, CN",127488,4294967296,https://whois.ipip.net/AS24371
127,AS24372,"CNGI-HRB-IX-AS-AP CERNET2 IX at Harbin Institute of Technology, CN",87296,4294967296,https://whois.ipip.net/AS24372
128,AS24376,"YAHOO-CN2-AP Yahoo China Datacenter, CN",768,65536,https://whois.ipip.net/AS24376
129,AS24400,"CMNET-V4SHANGHAI-AS-AP Shanghai Mobile Communications Co.,Ltd., CN",803328,59089354752,https://whois.ipip.net/AS24400
130,AS24406,"CNNIC-CRITICAL-AP China Internet Network Infomation Center, CN",4416,327680,https://whois.ipip.net/AS24406
131,AS24409,"CNNIC-CRITICAL-AP China Internet Network Infomation Center, CN",3840,262144,https://whois.ipip.net/AS24409
132,AS24413,"CNNIC-SUNRISE-AP ShenZhen Sunrise Technology Co.,Ltd., CN",5120,4294967296,https://whois.ipip.net/AS24413
133,AS24416,"CNNIC-PRIMETELECOM-AP Beijing Primezone Technologies Inc., CN",139264,0,https://whois.ipip.net/AS24416
134,AS24422,"CNNIC-HTXX Huatong information network, CN",16384,0,https://whois.ipip.net/AS24422
135,AS24424,"CNNIC-GOOGLECN-AP Beijing Gu Xiang Information Technology Co.,Ltd., CN",8192,393216,https://whois.ipip.net/AS24424
136,AS24427,"CNNIC-FREENET Freecomm Corporation, CN",8960,0,https://whois.ipip.net/AS24427
137,AS24428,"CNNIC-FOUNDERBN-AP Beijing Founder Broadband Network Technology Co.,Ltd, CN",16384,0,https://whois.ipip.net/AS24428
138,AS24429,"TAOBAO Zhejiang Taobao Network Co.,Ltd, CN",15360,0,https://whois.ipip.net/AS24429
139,AS24430,"CNNIC-CHINAPOST-AP CHINA STATE POST BUREAU, CN",13056,0,https://whois.ipip.net/AS24430
140,AS24444,"CMNET-V4SHANDONG-AS-AP Shandong Mobile Communication Company Limited, CN",2039808,30215766016,https://whois.ipip.net/AS24444
141,AS24445,"CMNET-V4HENAN-AS-AP Henan Mobile Communications Co.,Ltd, CN",1762048,176110436352,https://whois.ipip.net/AS24445
142,AS24489,"TEIN2-NORTH-AP Trans-Eurasia Information Network (TEIN2) - North, CN",4096,0,https://whois.ipip.net/AS24489
143,AS24490,"TEIN2-SG-AP Trans-Eurasia Information Network (TEIN2) - SG, CN",2048,0,https://whois.ipip.net/AS24490
144,AS24495,"GNET-CN-AP gnet Integrated Services Co., CN",8192,0,https://whois.ipip.net/AS24495
145,AS24547,"CMNET-V4HEBEI-AS-AP Hebei Mobile Communication Company Limited, CN",649728,43369103360,https://whois.ipip.net/AS24547
146,AS24575,"DRAGONLAB-AS-AP DRAGONLAB, CN",1024,0,https://whois.ipip.net/AS24575
147,AS37936,"SINA 15F,Ideal Plaza No.58 Bei Si Huan Xi Road, CN",256,2293760,https://whois.ipip.net/AS37936
148,AS37937,"CNNIC-EGOVNET-AP China eGovNet Information Center, CN",65536,0,https://whois.ipip.net/AS37937
149,AS37940,"ETRUNKNET etrunk network telecommunication co. ltd, CN",256,0,https://whois.ipip.net/AS37940
150,AS37941,"CNNIC-CDKNET-AP China Digital Kingdom Technology Co.,Ltd., CN",512,0,https://whois.ipip.net/AS37941
151,AS37942,"CNNIC-SACHNET China Cultural Heritage Information and Consulting Center, CN",3840,0,https://whois.ipip.net/AS37942
152,AS37943,"CNNIC-GIANT ZhengZhou GIANT Computer Network Technology Co., Ltd, CN",163840,4294967296,https://whois.ipip.net/AS37943
153,AS37957,"CNNIC-CCCNET China Communication Co., Ltd, CN",3072,0,https://whois.ipip.net/AS37957
154,AS37958,"CNNIC-CHINACACHE-AP Beijing Blue I.T Technologies Co.,Ltd., CN",74752,0,https://whois.ipip.net/AS37958
155,AS37963,"CNNIC-ALIBABA-CN-NET-AP Hangzhou Alibaba Advertising Co.,Ltd., CN",10260736,4407710253056,https://whois.ipip.net/AS37963
156,AS37965,"CNNIC-PBSL-AP Pacnet Business Solutions LTD, CN",34304,0,https://whois.ipip.net/AS37965
157,AS37969,"VRNET-CN Hangzhou CloudZone Network Technology Co.,Ltd, CN",1536,0,https://whois.ipip.net/AS37969
158,AS37970,"CNNIC-CHDNET-AP CHINA HUADIAN CORPORTATION, CN",4096,0,https://whois.ipip.net/AS37970
159,AS38019,"CMNET-V4TIANJIN-AS-AP tianjin Mobile Communication Company Limited, CN",359424,17330929664,https://whois.ipip.net/AS38019
160,AS38027,"MOST-AS-AP Information Center, Ministry of Sci and Tech, CN",40192,0,https://whois.ipip.net/AS38027
161,AS38057,"DELLCHINA Dell (China) Co.,Ltd, CN",1024,0,https://whois.ipip.net/AS38057
162,AS38238,"SG-CHINA-AS Societe Generale (China) Limited, CN",256,0,https://whois.ipip.net/AS38238
163,AS38283,"CHINANET-SCIDC-AS-AP CHINANET SiChuan Telecom Internet Data Center, CN",215040,31474843648,https://whois.ipip.net/AS38283
164,AS38339,"HMIDC Shenzhen HuMeng Technology Co., Ltd., CN",3584,65536,https://whois.ipip.net/AS38339
165,AS38341,"CNNIC-HCENET-AP HEXIE Information technology Co., Ltd., CN",587776,0,https://whois.ipip.net/AS38341
166,AS38342,"CNNIC-SVCNET-AP SHANGHAI VSAT NETWORK SYSTEMS CO.,LTD, CN",10240,4294967296,https://whois.ipip.net/AS38342
167,AS38345,"CNNIC-KNET-AP Internet Domain Name System Beijing Engineering Resrarch Center Ltd., CN",11520,851968,https://whois.ipip.net/AS38345
168,AS38346,"HANGTIAN-INFONET-AP HangTian Info Network Ltd., CN",29952,0,https://whois.ipip.net/AS38346
169,AS38358,"CNNIC-ICCAST-AP Information Center of China Association for Science and Technology, CN",4096,0,https://whois.ipip.net/AS38358
170,AS38363,"CNNIC-HIGHWAYNET-AP Shanghai Highway Information Technology Co.,Ltd, CN",16640,0,https://whois.ipip.net/AS38363
171,AS38364,"CNNIC-LTEL-AP LONGTEL NETWORKS & TECHNOLOGIES LTD., CN",22528,0,https://whois.ipip.net/AS38364
172,AS38365,"CNNIC-BAIDU-AP Beijing Baidu Netcom Science and Technology Co., Ltd., CN",238080,4402341478400,https://whois.ipip.net/AS38365
173,AS38367,"CNNIC-ULICNET-AP Union Life Insurance Co.,Ltd., CN",4096,0,https://whois.ipip.net/AS38367
174,AS38370,"CRNET-GD CHINA RAILWAY Internet Guangdong Branch, CN",585728,0,https://whois.ipip.net/AS38370
175,AS38372,"CNNIC-RJNET-AP FoShan RuiJiang Science and Tech Ltd., CN",114688,0,https://whois.ipip.net/AS38372
176,AS38375,"CNNIC-BJGH-AP Beijing Gao Hua Securities Company Limited, CN",2048,0,https://whois.ipip.net/AS38375
177,AS38378,"CNNIC-RBCN-AP Bosch (China) Investment Ltd., CN",4096,0,https://whois.ipip.net/AS38378
178,AS38379,"CNNIC-SUN-AP Shanghai Maginetwork Cro,.Ltd., CN",7936,0,https://whois.ipip.net/AS38379
179,AS38380,"CNNIC-CSRNET-AP China South Locomotive And Rolling Stock Industry Company, CN",2048,0,https://whois.ipip.net/AS38380
180,AS38381,"CNNIC-TRAVELSKY-AP Travelsky Technology Limited, CN",65536,4294967296,https://whois.ipip.net/AS38381
181,AS38564,"NVIDIA-ASIA-IN-GW-AP NVIDIA Asia Internet Gateway, CN",512,0,https://whois.ipip.net/AS38564
182,AS38587,"CERNET-IDC-AP CERNET Internet Data Center, CN",0,16777216,https://whois.ipip.net/AS38587
183,AS38834,"NVIDIA-BANGALORE-AP NVIDIA-BANGALORE, CN",512,0,https://whois.ipip.net/AS38834
184,AS45057,"CNNIC-TIETONG-AP CHINA TIETONG SHANGHAI, CN",267008,0,https://whois.ipip.net/AS45057
185,AS45058,"XMGBNET Golden-Bridge Netcom communication Co.,LTD., CN",47616,0,https://whois.ipip.net/AS45058
186,AS45061,"CNNIC-SIN-AP Shanghai Information Network Co.,Ltd., CN",54272,4294967296,https://whois.ipip.net/AS45061
187,AS45062,"NETEASE-AS Guangzhou NetEase Computer System Co., Ltd., CN",234496,21474836480,https://whois.ipip.net/AS45062
188,AS45064,"CNNIC-ZSPNET-AP BEIJING ZHONGGUANCUN SOFTWARE PARK DEVELOPMENT CO.,Ltd., CN",8192,0,https://whois.ipip.net/AS45064
189,AS45069,"CNNIC-CTTSDNET-AP china tietong Shandong net, CN",532992,0,https://whois.ipip.net/AS45069
190,AS45070,"CNNIC-GBN-AP Brains Ocean Co.Ltd, CN",5888,0,https://whois.ipip.net/AS45070
191,AS45071,"CNNIC-LNSG-CN-AP Li Ning (China) Sports Goods Co., Ltd, CN",1024,0,https://whois.ipip.net/AS45071
192,AS45074,"GOVSTATS Data Management Centre National Bureau of Statistics of China, CN",2048,0,https://whois.ipip.net/AS45074
193,AS45079,"GDSNET GDS CHANGAN SERVICES Ltd., CN",37888,65536,https://whois.ipip.net/AS45079
194,AS45080,"CNNIC-LINW-AP Shanghai Link-Net Communication Technology Co.,Ltd, CN",8192,0,https://whois.ipip.net/AS45080
195,AS45083,"CHEERYZONE Beijing CheeryZone Scitech Co.,Ltd, CN",65536,0,https://whois.ipip.net/AS45083
196,AS45084,"CNNIC-BTV-AP No.98 JianGuo Road,Chaoyang District,Beijing,China, CN",1792,0,https://whois.ipip.net/AS45084
197,AS45086,"YOVOLE Shanghai Yovole Networks Inc., CN",3072,0,https://whois.ipip.net/AS45086
198,AS45087,"CDFG China Duty Free group, CN",1024,0,https://whois.ipip.net/AS45087
199,AS45090,"CNNIC-TENCENT-NET-AP Shenzhen Tencent Computer Systems Company Limited, CN",2809344,4294967296,https://whois.ipip.net/AS45090
200,AS45093,"WEEK5 Cnean Internet Exchange, CN",67584,0,https://whois.ipip.net/AS45093
201,AS45101,"CNNIC-WAL-MART-AP Wal-mart (China) Investment Co., Ltd., CN",3072,0,https://whois.ipip.net/AS45101
202,AS45102,"CNNIC-ALIBABA-US-NET-AP Alibaba (US) Technology Co., Ltd., CN",1368832,8590327808,https://whois.ipip.net/AS45102
203,AS45109,"MQEP MAOQIN Electric Power, CN",1024,0,https://whois.ipip.net/AS45109
204,AS45110,"CNNIC-CBCNET-AP Beijing Tian Wei Xin Tong technology corp. limited., CN",14336,4294967296,https://whois.ipip.net/AS45110
205,AS45113,"CNNIC-DTCOAL-AP Shanxi Datong Coal Group Communication Co., Ltd, CN",65536,0,https://whois.ipip.net/AS45113
206,AS45275,"ZPARKNET-AS-AP BII Group Holding Ltd., CN",0,68719476736,https://whois.ipip.net/AS45275
207,AS45576,"CERNET2-TSINGHUA6-AS-AP Tsinghua University, CN",0,4294967296,https://whois.ipip.net/AS45576
208,AS45587,"CBCNET-CERNET-AS-AP China Broadband Communications (CBCnet), CN",4096,4294967296,https://whois.ipip.net/AS45587
209,AS55439,"ISC-PEK2 Internet Systems Consortium, (Beijing, China), CN",256,65536,https://whois.ipip.net/AS55439
210,AS55461,"SUNINFO-MDC Beijing Sun Rise Technology CO.,LTD, CN",14336,0,https://whois.ipip.net/AS55461
211,AS55468,"CRI China Radio International, CN",2816,0,https://whois.ipip.net/AS55468
212,AS55641,"ONEWORLD-GROUP Changping District, Beijing, CN",0,4831838208,https://whois.ipip.net/AS55641
213,AS55786,"MOBIUS-CN 1065-A Zhaojiabang Road, CN",512,0,https://whois.ipip.net/AS55786
214,AS55826,"CERNET2-TJU6-AS-AP Tianjin University IPv6 Campus Network, CN",0,4294967296,https://whois.ipip.net/AS55826
215,AS55956,"CNNIC-MAGNA-ASIAPACIFIC-AP Magna Automotive Technology and Service(Shanghai)Co.,Ltd, CN",512,0,https://whois.ipip.net/AS55956
216,AS55958,"INTEL-CHINA Intel China Ltd, CN",3584,0,https://whois.ipip.net/AS55958
217,AS55959,"NXIDC Hangzhou Netbank Technologies co.,LTD, CN",6144,0,https://whois.ipip.net/AS55959
218,AS55960,"BJ-GUANGHUAN-AP Beijing Guanghuan Xinwang Digital, CN",307712,288358400,https://whois.ipip.net/AS55960
219,AS55962,"KUAISHOU-KJ-NET Beijing Kuaishou Technology Co., Ltd., CN",0,16777216,https://whois.ipip.net/AS55962
220,AS55966,"CNNIC-PSBCNET-AP Post Savings Bank of China, CN",1024,4294967296,https://whois.ipip.net/AS55966
221,AS55967,"CNNIC-BAIDU-AP Beijing Baidu Netcom Science and Technology Co., Ltd., CN",38912,268435456,https://whois.ipip.net/AS55967
222,AS55971,"CASS-NET Chinese Academy of Social Sciences, CN",1024,0,https://whois.ipip.net/AS55971
223,AS55977,"ZJWSBTVNET Zhejiang Wasu Broadcast&TV Network Co., Ltd, CN",0,4294967296,https://whois.ipip.net/AS55977
224,AS55982,"CHIT Changhong IT information Products CO.,LTD., CN",1024,0,https://whois.ipip.net/AS55982
225,AS55986,"FOCUSTECHNET Focus Technology Co., Ltd., CN",1024,0,https://whois.ipip.net/AS55986
226,AS55990,"HWCSNET Huawei Cloud Service data center, CN",313600,402653184,https://whois.ipip.net/AS55990
227,AS55992,"QIHOO Beijing Qihu Technology Company Limited, CN",131840,131072,https://whois.ipip.net/AS55992
228,AS55994,"ANCHNET ShangHai AnchNet Tec, Inc., CN",6912,0,https://whois.ipip.net/AS55994
229,AS55996,"CYPRESSTEL CYPRESS TELECOM (CHINA) LIMITED, CN",2048,0,https://whois.ipip.net/AS55996
230,AS55998,"CNLINKNET CNLink Network Technology Ltd., CN",3072,0,https://whois.ipip.net/AS55998
231,AS56000,"HERBALIFE-CNNET Herbalife (China) Health Products Ltd., CN",1024,0,https://whois.ipip.net/AS56000
232,AS56001,"ZSN Shanghai Chenyi Network Technology Co.,Ltd, CN",18176,0,https://whois.ipip.net/AS56001
233,AS56002,"MCNNET BEIJING MARINE COMMUNICATION AND NAVIGATION CO., CN",1024,0,https://whois.ipip.net/AS56002
234,AS56003,"CNNIC-JDJT-CN Beijing Century Union Network Technology Co.,LTD., CN",1024,0,https://whois.ipip.net/AS56003
235,AS56005,"FASTIDC Zhengzhou Fastidc Technology Co.,Ltd., CN",67584,0,https://whois.ipip.net/AS56005
236,AS56012,"LGNET-CHINA LGNET China, CN",4096,0,https://whois.ipip.net/AS56012
237,AS56013,"SDSC SAMSUNG SDS CHINA, CN",4096,0,https://whois.ipip.net/AS56013
238,AS56015,"CSLC-NET China Sports Lottery Technology Development Co., Ltd, CN",512,0,https://whois.ipip.net/AS56015
239,AS56019,"SHUJUJIA Beijing ShuJuJia Technology Co., Ltd., CN",77824,0,https://whois.ipip.net/AS56019
240,AS56040,"CMNET-GUANGDONG-AP China Mobile communications corporation, CN",2067712,206175207424,https://whois.ipip.net/AS56040
241,AS56041,"CMNET-ZHEJIANG-AP China Mobile communications corporation, CN",2964992,21625831424,https://whois.ipip.net/AS56041
242,AS56042,"CMNET-SHANXI-AP China Mobile communications corporation, CN",566784,103146323968,https://whois.ipip.net/AS56042
243,AS56044,"CMNET-AS-LIAONING China Mobile communications corporation, CN",943872,103146323968,https://whois.ipip.net/AS56044
244,AS56046,"CMNET-JIANGSU-AP China Mobile communications corporation, CN",3124736,25904676864,https://whois.ipip.net/AS56046
245,AS56047,"CMNET-HUNAN-AP China Mobile communications corporation, CN",692224,69273124864,https://whois.ipip.net/AS56047
246,AS56048,"CMNET-BEIJING-AP China Mobile Communicaitons Corporation, CN",1481728,34561064960,https://whois.ipip.net/AS56048
247,AS56282,"VCLOUD Beijing Internet Harbor Technology Co., Ltd, CN",23296,0,https://whois.ipip.net/AS56282
248,AS56292,"SANXIN Beijing Sanxin Shidai Co.Ltd, CN",28672,0,https://whois.ipip.net/AS56292
249,AS58448,"AP-CONAC-AS-AP CONAC (China Organizational Name Administration Center), CN",1024,524288,https://whois.ipip.net/AS58448
250,AS58461,"CT-HANGZHOU-IDC No.288,Fu-chun Road, CN",228864,2198011904,https://whois.ipip.net/AS58461
251,AS58466,"CT-GUANGZHOU-IDC CHINANET Guangdong province network, CN",416000,1090584576,https://whois.ipip.net/AS58466
252,AS58517,"CHINATELECOM-CDMANETWORK-BG-BEIJING China Telecom, CN",1792,0,https://whois.ipip.net/AS58517
253,AS58518,"CHINATELECOM-CDMANETWORK-BG-GUANGZHOU China Telecom, CN",2816,0,https://whois.ipip.net/AS58518
254,AS58519,"CHINATELECOM-CTCLOUD Cloud Computing Corporation, CN",500224,1212284928,https://whois.ipip.net/AS58519
255,AS58520,"CHINATELECOM-JIANGSU-NANTONG-MAN Nanton, CN",512,0,https://whois.ipip.net/AS58520
256,AS58536,"AP-CONAC-AS-AP CONAC (China Organizational Name Administration Center), CN",2304,393216,https://whois.ipip.net/AS58536
257,AS58540,"CHINATELECOM-HUNAN-ZHUZHOU-MAN Zhuzhou, CN",35072,4429185024,https://whois.ipip.net/AS58540
258,AS58541,"CHINATELECOM-HUNAN-XIANGTAN-MAN Xiangtan, CN",69376,4429185024,https://whois.ipip.net/AS58541
259,AS58542,"CHINATELECOM-HUNAN-YUEYANG-MAN Yueyang, CN",88064,13438615552,https://whois.ipip.net/AS58542
260,AS58543,"CHINATELECOM-GUANGDONG-IDC Guangdong, CN",374272,5167775744,https://whois.ipip.net/AS58543
261,AS58563,"CHINATELECOM-HUBEI-IDC CHINANET Hubei province network, CN",109312,2718040064,https://whois.ipip.net/AS58563
262,AS58571,"CHINATELECOM-GUANGDONG-SHAOGUAN-MAN CHINANET Guangdong province Foshan network, CN",256,0,https://whois.ipip.net/AS58571
263,AS58593,"BLUECLOUD Shanghai Blue Cloud Technology Co.,Ltd, CN",508928,2147483648,https://whois.ipip.net/AS58593
264,AS58811,"AP-CONAC-AS-AP CONAC (China Organizational Name Administration Center), CN",1536,458752,https://whois.ipip.net/AS58811
265,AS58834,"GCABLENET Guangdong Cable Corporation Limited, CN",768,26843545600,https://whois.ipip.net/AS58834
266,AS58844,"OFIDC Guangdong Aofei Data Technology Co., Ltd., CN",4096,12884901888,https://whois.ipip.net/AS58844
267,AS58850,"BBGINETCN Bloomberg Financial Information (Beijing) Co Ltd, CN",768,0,https://whois.ipip.net/AS58850
268,AS58852,"GZGD Guizhou provincial radio and television information Network Inc, CN",2048,0,https://whois.ipip.net/AS58852
269,AS58854,"AIYA Xiamen Aiya network Technology Co. Ltd., CN",2048,0,https://whois.ipip.net/AS58854
270,AS58860,"BEIKUAN Beijing Beikuan Network Co,Ltd, CN",2048,0,https://whois.ipip.net/AS58860
271,AS58862,"MCCL-CHN Microsoft (China) Co., Ltd., CN",1024,0,https://whois.ipip.net/AS58862
272,AS58866,"CFCA-NET China Financial Certification Authority, CN",1536,131072,https://whois.ipip.net/AS58866
273,AS58879,"ANCHNET Shanghai Anchang Network Security Technology Co.,Ltd., CN",48384,33554432,https://whois.ipip.net/AS58879
274,AS58962,"SCSJLX-CN SiChuan Century LiXin Financial Management Consulting Co., LTD, CN",4864,0,https://whois.ipip.net/AS58962
275,AS58998,"VCLOUD Beijing Internet Harbor Technology Co.,Ltd, CN",16384,0,https://whois.ipip.net/AS58998
276,AS59000,"GRANDENET Grande Arche Technologies (Shanghai), Co. Ltd., CN",0,4294967296,https://whois.ipip.net/AS59000
277,AS59003,"TJGDKD Tianjin B&T broadband network technology Co., Ltd., CN",1024,0,https://whois.ipip.net/AS59003
278,AS59008,"SHINENET Beijing flash newsletter cas telecommunication, CN",30976,0,https://whois.ipip.net/AS59008
279,AS59009,"WXDATA QingDao WangXin Telcom Corp. Limited, CN",2048,0,https://whois.ipip.net/AS59009
280,AS59010,"UFNET UnionFriend Network information service Co.,LTD, CN",1024,0,https://whois.ipip.net/AS59010
281,AS59011,"YLWL Beijing Yunlin Network Technology Co.,Ltd., CN",14848,0,https://whois.ipip.net/AS59011
282,AS59012,"SINOGRAIN China Grain Reserves Group LTD.Company, CN",1024,4294967296,https://whois.ipip.net/AS59012
283,AS59019,"BJKSCNET Beijing Kingsoft Cloud Internet Technology Co., Ltd, CN",96512,4294967296,https://whois.ipip.net/AS59019
284,AS59022,"YNKM-TVNET Kunming Broadcast&TV Network CO.,LTD, CN",2048,4295032832,https://whois.ipip.net/AS59022
285,AS59029,"PEOPLENET People.Cn CO.,LTD, CN",2048,0,https://whois.ipip.net/AS59029
286,AS59033,"ESUNNET Esun Technology(Shanghai) Co.,Ltd, CN",3072,0,https://whois.ipip.net/AS59033
287,AS59034,"WISHNET BeiJing Wish Network Technology CO.,LTD., CN",256,0,https://whois.ipip.net/AS59034
288,AS59037,"ZJCERT National Computer Network And Information, CN",69632,0,https://whois.ipip.net/AS59037
289,AS59043,"LDNET Guangzhou LanDong Information technology co., LTD, CN",3072,0,https://whois.ipip.net/AS59043
290,AS59048,"CLOUDTIMES Bei Jing Cloud Times Technology Co.,Ltd, CN",2560,0,https://whois.ipip.net/AS59048
291,AS59049,"WALMART-CN Wal-mart (China) Investment Co., Ltd., CN",1024,0,https://whois.ipip.net/AS59049
292,AS59050,"CLOUD-ARK Beijing Cloud-Ark Technology Co.,Ltd., CN",80128,0,https://whois.ipip.net/AS59050
293,AS59056,"IX-NET Shanghai Yuantong Technologies Co., Ltd, CN",1280,0,https://whois.ipip.net/AS59056
294,AS59057,"YXCL Bei jing yong xin chang lian ke ji you xian gong si, CN",1024,0,https://whois.ipip.net/AS59057
295,AS59065,"PAYPALCN PayPal Network Information Services (Shanghai) Co., Ltd., CN",1024,0,https://whois.ipip.net/AS59065
296,AS59067,"MMAISNET Microsoft Mobile Alliance Internet Services Co., Ltd, CN",4608,0,https://whois.ipip.net/AS59067
297,AS59068,"SPDB-CN Shanghai Pudong Development Bank Co.,Ltd., CN",2048,0,https://whois.ipip.net/AS59068
298,AS59072,"ESINNET Shenzhen ESIN Technology Co., Ltd, CN",3072,0,https://whois.ipip.net/AS59072
299,AS59073,"BOC Bank of China Limited, CN",768,65536,https://whois.ipip.net/AS59073
300,AS59074,"TAIKANG-INSURANCE-GROUP TAIKANG INSURANCE GROUP CO.,LTD., CN",1024,0,https://whois.ipip.net/AS59074
301,AS59077,"UCLOUD-NET Shanghai UCloud Information Technology Company Limited, CN",16640,268435456,https://whois.ipip.net/AS59077
302,AS59078,"YUNIFY-NET Yunify Technologies Inc., CN",65536,4294967296,https://whois.ipip.net/AS59078
303,AS59083,"KHTECH Shanghai Kuanhui Tech. Co.,ltd, CN",16640,65536,https://whois.ipip.net/AS59083
304,AS59089,"CLOUDVSP NO.18 Building University of Technology, CN",2304,0,https://whois.ipip.net/AS59089
305,AS59265,"CT-CNGI China telecom â China Next Generation Internet, CN",0,4294967296,https://whois.ipip.net/AS59265
306,AS63531,"BW Beijing BAIWU Technology Co., Ltd., CN",256,0,https://whois.ipip.net/AS63531
307,AS63535,"FFAN Chengdu Wanda Electronic Information Technology Co.,Ltd, CN",2048,0,https://whois.ipip.net/AS63535
308,AS63541,"CHINACACHE Beijing Blue I.T Technologies Co.,Ltd., CN",4352,131072,https://whois.ipip.net/AS63541
309,AS63545,"SPEEDYCLOUD Beijing SpeedyCloud Technologies Co.,Ltd., CN",8960,0,https://whois.ipip.net/AS63545
310,AS63548,"LENOVO-BEIJING LENOVO (BEIJING) Co.ltd, CN",1536,0,https://whois.ipip.net/AS63548
311,AS63549,"TULONGNET LiaoNing Tulong Science & Technology Co.,Ltd., CN",4096,0,https://whois.ipip.net/AS63549
312,AS63554,"JPXXJSFW JiuPeng Network Co.Ltd, CN",3072,0,https://whois.ipip.net/AS63554
313,AS63555,"CNBIDCC Beijing Beilong Yunhai Network Data Technology Corporation, CN",131072,0,https://whois.ipip.net/AS63555
314,AS63561,"WESTONE China Electronics Technology Cyber Security Co.,LTD, CN",2048,0,https://whois.ipip.net/AS63561
315,AS63565,"YHWLM Beijing lian guang tong network technology co., LTD, CN",1024,0,https://whois.ipip.net/AS63565
316,AS63580,"NOVARTIS-CN China Novartis Institutes for Bio-Medical Research Co., Ltd., CN",512,0,https://whois.ipip.net/AS63580
317,AS63581,"GXRTVNET GUANGXI RADIO & TELEVISION INFORMATION NETWORK CO.,LTD., CN",10240,4294967296,https://whois.ipip.net/AS63581
318,AS63582,"CAICTNET Chinese Academy of Telecommunication Research, CN",1792,4294967296,https://whois.ipip.net/AS63582
319,AS63583,"CAICTNET Chinese Academy of Telecommunication Research, CN",1280,196608,https://whois.ipip.net/AS63583
320,AS63590,"HEBBTN Hebei Broadcasting&TV Network, CN",14848,0,https://whois.ipip.net/AS63590
321,AS63598,"KUNTIME Hebei Kun Time Network Technology Co. Ltd., CN",2048,0,https://whois.ipip.net/AS63598
322,AS63603,"GSSNOC GSS China, CN",2048,8589934592,https://whois.ipip.net/AS63603
323,AS63612,"XIAONIAOYUN Shenzhen Qianhai bird cloud computing Co. Ltd., CN",27648,0,https://whois.ipip.net/AS63612
324,AS63615,"GECHINANET GE (China) Co.,Ltd, CN",256,0,https://whois.ipip.net/AS63615
325,AS63617,"MCKINSEY McKinsey & Consulting Company Inc. Shanghai, CN",1536,0,https://whois.ipip.net/AS63617
326,AS63620,"HUABOTECHNET ShenZhen HuaBo Technology Develop Co., Ltd., CN",2048,4294967296,https://whois.ipip.net/AS63620
327,AS63621,"NXBCTV-NET NINGXIA BROADCAST&TV NETWORK CO.,LTD, CN",2048,4294967296,https://whois.ipip.net/AS63621
328,AS63629,"AUTOHOME Beijing Autohome imformation technology Co.,Ltd, CN",1024,4294967296,https://whois.ipip.net/AS63629
329,AS63631,"CLOUDBASE Guangdong Cloudbase Technology Co., Ltd., CN",9216,4294967296,https://whois.ipip.net/AS63631
330,AS63633,"HOTWON GUANGZHOU HOTWON COMPUTER TECHNOLOGY CO.,LTD., CN",1024,0,https://whois.ipip.net/AS63633
331,AS63636,"EDG1NET Shanghai Changxin Technology Corp., Ltd., CN",1024,0,https://whois.ipip.net/AS63636
332,AS63641,"MVNET Mega Vantage Information Consulting Co., Ltd., CN",1792,0,https://whois.ipip.net/AS63641
333,AS63646,"XJKJ Beijing Xiaoju Science and Technology Co., Ltd., CN",74752,262144,https://whois.ipip.net/AS63646
334,AS63648,"XJKJ Beijing Xiaoju Science and Technology Co., Ltd., CN",33024,0,https://whois.ipip.net/AS63648
335,AS63655,"HWDGNET Huawei Technologies Co., Ltd, CN",2048,0,https://whois.ipip.net/AS63655
336,AS63673,"PINGANCOM Shenzhen Ping An Communication Technology Co.,Ltd, CN",2304,0,https://whois.ipip.net/AS63673
337,AS63677,"XDCPLUSB Jiangsu Cloud Ever Information Technology Co. Ltd., CN",2048,65536,https://whois.ipip.net/AS63677
338,AS63678,"XDCPLUSB Jiangsu Cloud Ever Information Technology Co. Ltd., CN",0,65536,https://whois.ipip.net/AS63678
339,AS63679,"XDCPLUSA Jiangsu Cloud Together Information Technology Co. Ltd., CN",4096,8589934592,https://whois.ipip.net/AS63679
340,AS63690,"CDTNET China Dragon Telecom Co.,Ltd, CN",512,0,https://whois.ipip.net/AS63690
341,AS63691,"HEZHONG Beijing wisdom network technology Co., Ltd. polymerization, CN",51456,0,https://whois.ipip.net/AS63691
342,AS63696,"CSCNET China Securities Co., Ltd, CN",256,0,https://whois.ipip.net/AS63696
343,AS63697,"CSCNET China Securities Co., Ltd, CN",256,0,https://whois.ipip.net/AS63697
344,AS63701,"JSMNET Jishi Media Co ., Ltd., CN",2048,0,https://whois.ipip.net/AS63701
345,AS63705,"NJANLAI Nanjing Anlai Xinxi Tongxin Jishu Youxian Gongsi, CN",1024,0,https://whois.ipip.net/AS63705
346,AS63711,"CTTNET China TieTong Telecommunications Corporation, CN",416000,0,https://whois.ipip.net/AS63711
347,AS63722,"HODONET Hodo Telecom Co,Ltd., CN",256,0,https://whois.ipip.net/AS63722
348,AS63727,"HWCSNET Huawei, CN",4352,0,https://whois.ipip.net/AS63727
349,AS63835,"CT-HUNAN-CHANGSHA-IDC No.293,Wanbao Avenue, CN",55808,721616896,https://whois.ipip.net/AS63835
350,AS63838,"CT-HUNAN-HENGYANG-IDC Hengyang, CN",32000,268435456,https://whois.ipip.net/AS63838
351,AS64021,"NETWORK-TRANSIT Network-Transit, CN",22528,0,https://whois.ipip.net/AS64021
352,AS131325,"CHINATELECOM-YUNNAN-KUNMING-MAN KunMing, CN",19200,100794368,https://whois.ipip.net/AS131325
353,AS131477,"SHHJ-AS Shanghai Huajuan Information Technology Co., Ltd., CN",6912,271712256,https://whois.ipip.net/AS131477
354,AS131486,"JDCOM Beijing Jingdong 360 Degree E-commerce Co., Ltd., CN",100352,2147483648,https://whois.ipip.net/AS131486
355,AS131493,"HKTCNNAT PCCW Technology (Beijing) Co., Ltd, CN",1024,0,https://whois.ipip.net/AS131493
356,AS131497,"VGC-BEIJING Volkswagen (China) Investment Co., LTD, CN",1024,0,https://whois.ipip.net/AS131497
357,AS131503,"CATIC China National Aero-Technology Import & Export Corporation, CN",1024,0,https://whois.ipip.net/AS131503
358,AS131506,"LJWL HEILONGJIANG RADIO & TV NETWORK CO.,LTD, CN",256,0,https://whois.ipip.net/AS131506
359,AS131519,"HISENSE Hisense, CN",1024,0,https://whois.ipip.net/AS131519
360,AS131524,"SHPJNET Shanghai pujv Communication Technology co., Ltd., CN",512,0,https://whois.ipip.net/AS131524
361,AS131525,"TOURNET Nanjing Tuniu Technology Co. Ltd., CN",512,0,https://whois.ipip.net/AS131525
362,AS131530,"STACKSNET Shanghai Stacks Network Co., Ltd, CN",1024,0,https://whois.ipip.net/AS131530
363,AS131535,"UNIHUB Beijing BoShengTuo Network Technology Co,Ltd., CN",2048,0,https://whois.ipip.net/AS131535
364,AS131538,"FIRSTLEADER Beijing firstleader Science and Technology Ltd., CN",1024,0,https://whois.ipip.net/AS131538
365,AS131558,"WALMART-CN Wal-mart (China) Investment Co., Ltd., CN",512,0,https://whois.ipip.net/AS131558
366,AS132147,"CT-SHANXI-MAN No.3,Shu-Ma Road, CN",12544,0,https://whois.ipip.net/AS132147
367,AS132153,"CT-SHANXI-MAN-2 No.3,Shu-Ma Road, CN",6144,536870912,https://whois.ipip.net/AS132153
368,AS132203,"TENCENT-NET-AP-CN Tencent Building, Kejizhongyi Avenue, CN",483840,65536,https://whois.ipip.net/AS132203
369,AS132352,"MEGATRANS-AS-AP MESHLAB., CN",0,2162688,https://whois.ipip.net/AS132352
370,AS132437,"SAASPLAZA-NET-CN 10 Anson Road, CN",512,4294967296,https://whois.ipip.net/AS132437
371,AS132510,"SHANXIMCC-IDC IDC ShanXi China Mobile communications corporation, CN",100096,16842752,https://whois.ipip.net/AS132510
372,AS132525,"CMNET-HEILONGJIANG-CN HeiLongJiang Mobile Communication Company Limited, CN",365056,103095992320,https://whois.ipip.net/AS132525
373,AS132552,"CERNET-TERNET-AS Tianjin Municipal Education and Research Network, CN",17408,0,https://whois.ipip.net/AS132552
374,AS132553,"UPC-AS-CN China University of Petroleum (East China), CN",34816,4294967296,https://whois.ipip.net/AS132553
375,AS132719,"CWDDTCL-AS-AP Chengdu West Dimension Digital Technology Co., Ltd, CN",16128,0,https://whois.ipip.net/AS132719
376,AS133111,"CNT-NORTHCHINA CERNET New Technology Co., Ltd, CN",30208,8796277637120,https://whois.ipip.net/AS133111
377,AS133118,"UNICOM-CN China Unicom IP network, CN",67328,4294967296,https://whois.ipip.net/AS133118
378,AS133119,"UNICOM-CN China Unicom IP network, CN",236800,4294967296,https://whois.ipip.net/AS133119
379,AS133194,"CHTLC-AS Connections Hub Technology (Shanghai) Ltd. Company, CN",256,0,https://whois.ipip.net/AS133194
380,AS133219,"NEWMEDIAEXPRESSCHINA-AS-AP NewMedia Express Pte Ltd, CN",1280,0,https://whois.ipip.net/AS133219
381,AS133365,"CORDCLOUD-AS-AP CordCloud LTD, CN",256,0,https://whois.ipip.net/AS133365
382,AS133465,"DKU-AS-AP Duke Kunshan University, CN",1024,65536,https://whois.ipip.net/AS133465
383,AS133475,"NEWYORKUNIVERSITY-AS-SHANGHAI New York University ASN, CN",256,16777216,https://whois.ipip.net/AS133475
384,AS133492,"CLOUD-CN AIYUN, CN",256,196608,https://whois.ipip.net/AS133492
385,AS133512,"CERNEWTECH-ZHENGZHOU CERNET New Technology Co., Ltd, CN",0,16777216,https://whois.ipip.net/AS133512
386,AS133513,"CERNEWTECH-CHENGDU CERNET New Technology Co., Ltd, CN",0,16777216,https://whois.ipip.net/AS133513
387,AS133731,"TOINTER-AS-AP Xinyuan Interconnect (HK) Limited, CN",7936,0,https://whois.ipip.net/AS133731
388,AS133774,"CHINATELECOM-FUJIAN-FUZHOU-IDC1 Fuzhou, CN",173824,1426391040,https://whois.ipip.net/AS133774
389,AS133775,"CHINATELECOM-FUJIAN-XIAMEN-IDC1 Xiamen, CN",78080,1543634944,https://whois.ipip.net/AS133775
390,AS133776,"CHINATELECOM-FUJIAN-QUANZHOU-IDC1 Quanzhou, CN",18688,1073741824,https://whois.ipip.net/AS133776
391,AS133846,"IMLONGHAO-AS-AP IMLONGHAO, CN",256,458752,https://whois.ipip.net/AS133846
392,AS133865,"IQIYI-AS-AP Beijing IQIYI Science & Technology Co., Ltd., CN",7424,268435456,https://whois.ipip.net/AS133865
393,AS133952,"ZLTL-AS-AP Zhengzhou longling technology ltd., CN",2848,0,https://whois.ipip.net/AS133952
394,AS134098,"SYLVEON-AS-AP Licson Internet Service, CN",1280,4296015872,https://whois.ipip.net/AS134098
395,AS134238,"CT-JIANGXI-IDC CHINANET Jiangx province IDC network, CN",81408,419495936,https://whois.ipip.net/AS134238
396,AS134417,"CHINATELECOM-JIANGSU-NANJING-IDC Nanjing, CN",2048,0,https://whois.ipip.net/AS134417
397,AS134418,"CHINATELECOM-SHAANXI-XIXIAN-SMARTCLOUD-IDC SHAANXI province, CN",27136,335806464,https://whois.ipip.net/AS134418
398,AS134419,"CHINATELECOM-GUANGXI-BEIHAI-MAN Beihai, CN",116224,1073741824,https://whois.ipip.net/AS134419
399,AS134420,"CHINATELECOM-CHONGQING-IDC Chongqing Telecom, CN",87296,687931392,https://whois.ipip.net/AS134420
400,AS134542,"UNICOM-GUIAN China Unicom IP network, CN",94720,4429185024,https://whois.ipip.net/AS134542
401,AS134543,"UNICOM-DONGGUAN-IDC China Unicom Guangdong IP network, CN",31488,301989888,https://whois.ipip.net/AS134543
402,AS134602,"SHUIM-AS-AP shuiM Data Exchange Center, CN",256,1048576,https://whois.ipip.net/AS134602
403,AS134671,"XIMA2 Xima Network, CN",256,0,https://whois.ipip.net/AS134671
404,AS134756,"CHINANET-NANJING-IDC CHINANET Nanjing IDC network, CN",49152,202637312,https://whois.ipip.net/AS134756
405,AS134761,"CHINANET-SICHUAN-CHENGDU-MAN CHINANET Sichuan province Chengdu MAN network, CN",7168,956366848,https://whois.ipip.net/AS134761
406,AS134762,"CHINANET-SICHUAN-CHENGDU-MAN CHINANET Sichuan province Chengdu MAN network, CN",212992,0,https://whois.ipip.net/AS134762
407,AS134763,"CT-DONGGUAN-IDC CHINANET Guangdong province network, CN",117504,805306368,https://whois.ipip.net/AS134763
408,AS134764,"CT-FOSHAN-IDC CHINANET Guangdong province network, CN",182272,805306368,https://whois.ipip.net/AS134764
409,AS134765,"CHINANET-SICHUAN-CHENGDU-MAN CHINANET Sichuan province Chengdu MAN network, CN",36352,1207959552,https://whois.ipip.net/AS134765
410,AS134766,"CHINANET-SICHUAN-CHENGDU-MAN CHINANET Sichuan province Chengdu MAN network, CN",27648,1207959552,https://whois.ipip.net/AS134766
411,AS134768,"CHINANET-SICHUAN-CHENGDU-MAN CHINANET Sichuan province Chengdu MAN network, CN",124160,553713664,https://whois.ipip.net/AS134768
412,AS134769,"CHINANET-JIANGSU-CHANGZHOU-IDC ChinaNet Jiangsu Changzhou IDC network, CN",9472,185729024,https://whois.ipip.net/AS134769
413,AS134770,"CHINANET-SICHUAN-CHENGDU-MAN CHINANET Sichuan province Chengdu MAN network, CN",7424,0,https://whois.ipip.net/AS134770
414,AS134771,"CHINATELECOM-ZHEJIANG-WENZHOU-IDC WENZHOU, ZHEJIANG Province, P.R.China., CN",50176,1342177280,https://whois.ipip.net/AS134771
415,AS134772,"CHINANET-GUANGDONG-DONGGUAN-MAN CHINANET Guangdong province Dongguan MAN network, CN",403456,3221225472,https://whois.ipip.net/AS134772
416,AS134774,"CHINANET-GUANGDONG-SHENZHEN-MAN CHINANET Guangdong province Shenzhen MAN network, CN",1225472,7247822848,https://whois.ipip.net/AS134774
417,AS134810,"CMNET-JILIN-AS-AP China Mobile Group JiLin communications corporation, CN",742912,45130711040,https://whois.ipip.net/AS134810
418,AS134981,"UBERINC-AS-CN Uber Inc, CN",1024,0,https://whois.ipip.net/AS134981
419,AS135006,"BHICL-AS-AP VERI2, CN",768,0,https://whois.ipip.net/AS135006
420,AS135061,"UNICOM-SHENZHEN-IDC China Unicom Guangdong IP network, CN",33536,17825792,https://whois.ipip.net/AS135061
421,AS135357,"SKHT-AS Shenzhen Katherine Heng Technology Information Co., Ltd., CN",58880,0,https://whois.ipip.net/AS135357
422,AS135363,"CFIT-AS-AP Beijing Dunhuang Heguang Information Technology Co.,Lt., CN",2048,0,https://whois.ipip.net/AS135363
423,AS135365,"YOUZU-AS-AP Shanghai Youzu Information Technology Co. LTD, CN",2048,4294967296,https://whois.ipip.net/AS135365
424,AS135629,"WESTCLOUDDATA Ningxia West Cloud Data Technology Co.Ltd., CN",188160,285999104,https://whois.ipip.net/AS135629
425,AS135646,"AS-LUGINBASH-AP Luginbash AS, CN",512,65536,https://whois.ipip.net/AS135646
426,AS136160,"BSYNTCL-AS-AP Beijing Shijihulian Yuntong Network Technology Co., Ltd., CN",256,0,https://whois.ipip.net/AS136160
427,AS136188,"CHINATELECOM-ZHEJIANG-NINGBO-IDC NINGBO, ZHEJIANG Province, P.R.China., CN",143104,805306368,https://whois.ipip.net/AS136188
428,AS136189,"OPERA-AS-AP Opera Software Technology (Beijing) Co., Ltd., CN",1024,4294967296,https://whois.ipip.net/AS136189
429,AS136190,"CHINATELECOM-ZHEJIANG-JINHUA-IDC JINHUA, ZHEJIANG Province, P.R.China., CN",81024,1610612736,https://whois.ipip.net/AS136190
430,AS136191,"CHINATELECOM-YUNNAN-LINCANG-MAN LinCang, CN",16640,0,https://whois.ipip.net/AS136191
431,AS136192,"CHINATELECOM-YUNNAN-HONGHE-MAN Honghe, CN",14336,0,https://whois.ipip.net/AS136192
432,AS136193,"CHINATELECOM-YUNNAN-QUJING-MAN Qujing, CN",5888,0,https://whois.ipip.net/AS136193
433,AS136194,"CHINATELECOM-YUNNAN-BAOSHAN-MAN Baoshan, CN",7680,0,https://whois.ipip.net/AS136194
434,AS136195,"CHINATELECOM-YUNNAN-DEHONG-MAN Dehong, CN",27648,0,https://whois.ipip.net/AS136195
435,AS136197,"CHINATELECOM-YUNNAN-WENSHAN-MAN Wenshan, CN",0,687931392,https://whois.ipip.net/AS136197
436,AS136200,"CHINANET-GUANGDONG-FOSHAN-MAN CHINANET Guangdong province Foshan MAN network, CN",467968,4294967296,https://whois.ipip.net/AS136200
437,AS136237,"SSCTC-AS-AP Shuangyu Communication Technology co.,Ltd., CN",1536,4294967296,https://whois.ipip.net/AS136237
438,AS136390,"SOTCL-AS-AP Shenzhen Onething Technology Co., Ltd., CN",512,0,https://whois.ipip.net/AS136390
439,AS136559,"TYPCN-AS-AP TYPCN Global Network, CN",256,4296015872,https://whois.ipip.net/AS136559
440,AS136574,"ZY-AS-AP Zheye Networks, CN",1280,0,https://whois.ipip.net/AS136574
441,AS136600,"FENGNIAO Beijing Fengniao Network Technology Co., Ltd, CN",2048,4328652800,https://whois.ipip.net/AS136600
442,AS136758,"SZCO-AS-AP ShenZhen Century-One Limited, CN",1280,65536,https://whois.ipip.net/AS136758
443,AS136782,"PINGTAN-AS-AP Kirin Networks, CN",10240,0,https://whois.ipip.net/AS136782
444,AS136958,"UNICOM-GUANGZHOU-IDC China Unicom Guangdong IP network, CN",203008,68354048,https://whois.ipip.net/AS136958
445,AS136959,"UNICOM-FUOSHAN-IDC China Unicom Guangdong IP network, CN",26368,285212672,https://whois.ipip.net/AS136959
446,AS137218,"KYIT-AS-AP Kuaiyun Information Technology CO.Ltd., CN",1792,0,https://whois.ipip.net/AS137218
447,AS137256,"CATIO-NETWORK-AS-AP CatIO Network, CN",0,196608,https://whois.ipip.net/AS137256
448,AS137410,"BAKANETWORK-AS-AP Baka Network, CN",0,589824,https://whois.ipip.net/AS137410
449,AS137509,"TDNCL-AS-AP Jiang Men Shi Tian Da Network Co. Ltd, CN",512,0,https://whois.ipip.net/AS137509
450,AS137539,"UNICOM-HARBIN-IDC China Unicom, CN",65536,4294967296,https://whois.ipip.net/AS137539
451,AS137547,"LLKIT-AS-AP Zhengzhou Lulinke Information Technology CO.Ltd., CN",1024,0,https://whois.ipip.net/AS137547
452,AS137571,"PESYUN-AS-AP arebz.com, CN",6144,0,https://whois.ipip.net/AS137571
453,AS137687,"CHINATELECOM-ANHUI-WUHU-MAN Wuhu, CN",24576,302120960,https://whois.ipip.net/AS137687
454,AS137689,"CHINATELECOM-ANHUI-HUAINAN-MAN HuaiNan, CN",68352,29360128,https://whois.ipip.net/AS137689
455,AS137690,"CHINATELECOM-ANHUI-MAANSHAN-MAN MaAnShan, CN",8192,0,https://whois.ipip.net/AS137690
456,AS137691,"CHINATELECOM-ANHUI-HUAIBEI-MAN HuaiBei, CN",188416,0,https://whois.ipip.net/AS137691
457,AS137692,"CHINATELECOM-ANHUI-TONGLING-MAN Tongling, CN",16896,33554432,https://whois.ipip.net/AS137692
458,AS137693,"CHINATELECOM-ANHUI-ANQING-MAN AnQing, CN",51712,553713664,https://whois.ipip.net/AS137693
459,AS137697,"CHINATELECOM-JIANGSU-YANGZHOU-IDC CHINATELECOM JiangSu YangZhou IDC networkdescr: YangZhouJiangsu Province, P.R.China., CN",69632,167772160,https://whois.ipip.net/AS137697
460,AS137698,"CHINATELECOM-ANHUI-CAOHU-MAN CaoHu, CN",2304,0,https://whois.ipip.net/AS137698
461,AS137699,"CHINATELECOM-JIANGSU-SUQIAN-IDC CHINATELECOM Jiangsu Suqian IDC network, CN",16896,0,https://whois.ipip.net/AS137699
462,AS137702,"CHINATELECOM-ANHUI-CHIZHOU-MAN ChiZhou, CN",101248,150994944,https://whois.ipip.net/AS137702
463,AS137711,"GONGQI Shanghai GongQi Network Technology Co., Ltd, CN",256,0,https://whois.ipip.net/AS137711
464,AS137712,"JIAHE Beijing Jiahe Paper Network Technology Co., Ltd., CN",1024,0,https://whois.ipip.net/AS137712
465,AS137715,"GTJANET GTJA Securities, CN",1024,65536,https://whois.ipip.net/AS137715
466,AS137726,"SINOPEC-NET China Petroleum & Chemical Corporation, CN",0,17592186044416,https://whois.ipip.net/AS137726
467,AS137749,"FNTN NANJING FUTURE NETWORK INDUSTRY INNOVATION Co,.LTD, CN",2048,8589934592,https://whois.ipip.net/AS137749
468,AS137752,"HBGJ Hubei Guangjia Communication Technology Co., LTD, CN",256,0,https://whois.ipip.net/AS137752
469,AS137764,"YOUKAI Beijing excellent technology Co.Ltd., CN",1024,0,https://whois.ipip.net/AS137764
470,AS137767,"SGMNET Shanghai General Motor Corporation Limited, CN",256,0,https://whois.ipip.net/AS137767
471,AS137787,"NEWCAMPUS4-LENOVO Lenovo (Beijing) Information Technology Ltd, CN",2048,0,https://whois.ipip.net/AS137787
472,AS137799,"CGBNET China Guangfa Bank, CN",0,65536,https://whois.ipip.net/AS137799
473,AS137805,"JD-FINANCE-NETWORK Beijing JD Finance Technology Holding Co., Ltd., CN",0,1048576,https://whois.ipip.net/AS137805
474,AS137806,"WALMART-GS WMGS Consulting (Shenzhen) Co.Ltd, CN",512,0,https://whois.ipip.net/AS137806
475,AS137813,"LEANCLOUD LeanCloud, CN",768,196608,https://whois.ipip.net/AS137813
476,AS137882,"HUAJUAN-ES Huajuan Enterprise Network, CN",256,269484032,https://whois.ipip.net/AS137882
477,AS137946,"XYTCL-AS-AP Xiamen Youtian Technology Co., Ltd., CN",768,0,https://whois.ipip.net/AS137946
478,AS138029,"TTCL-CN Shen Zhen Hu Lian Xian Feng Technology Co., Limited, CN",1024,4294967296,https://whois.ipip.net/AS138029
479,AS138166,"LUYAO-LIU-AS-AP LUYAO LIU, CN",0,65536,https://whois.ipip.net/AS138166
480,AS138182,"CNGI-SZH-IX-AS-AP CERNET2 regional IX at Shenzhen University, CN",109312,0,https://whois.ipip.net/AS138182
481,AS138211,"MOEQING-AS-AP MoeQing Network Service, CN",0,6459228160,https://whois.ipip.net/AS138211
482,AS138369,"CNGI-SJZ-IX-AS-AP CERNET2 regional IX at Hebei Normal University, CN",130816,0,https://whois.ipip.net/AS138369
483,AS138371,"CNGI-QDA-IX-AS-AP CERNET2 regional IX at Ocean University of China, CN",103424,25769803776,https://whois.ipip.net/AS138371
484,AS138373,"CNGI-FZH-IX-AS-AP CERNET2 regional IX at Fuzhou University, CN",77056,0,https://whois.ipip.net/AS138373
485,AS138374,"CNGI-TYN-IX-AS-AP CERNET2 regional IX at Taiyuan University, CN",64000,0,https://whois.ipip.net/AS138374
486,AS138375,"CNGI-HHT-IX-AS-AP CERNET2 regional IX at Inner Mongolia University, CN",69632,0,https://whois.ipip.net/AS138375
487,AS138376,"CNGI-YCH-IX-AS-AP CERNET2 regional IX at Ningxia University, CN",34048,0,https://whois.ipip.net/AS138376
488,AS138377,"CNGI-XNN-IX-AS-AP CERNET2 regional IX at Qinghai Normal University, CN",29696,0,https://whois.ipip.net/AS138377
489,AS138378,"CNGI-KMN-IX-AS-AP CERNET2 regional IX at Yunnan University, CN",177152,0,https://whois.ipip.net/AS138378
490,AS138381,"CNGI-GYN-IX-AS-AP CERNET2 regional IX at Guizhou University, CN",79360,0,https://whois.ipip.net/AS138381
491,AS138393,"CNGI-NAN-IX-AS-AP CERNET2 regional IX at Guangxi University, CN",69632,0,https://whois.ipip.net/AS138393
492,AS138407,"CMNET-GZIDC-CN The Internet Data Center of Guizhou Mobile Communication Company Limited, CN",28672,0,https://whois.ipip.net/AS138407
493,AS138421,"CU-CN-AS China Unicom, CN",32768,3211264,https://whois.ipip.net/AS138421
494,AS138438,"CNGI-GLN-IX-AS-AP CERNET2 regional IX at Guangxi Normal University, CN",14336,0,https://whois.ipip.net/AS138438
495,AS138440,"CNGI-HAK-IX-AS-AP CERNET2 regional IX at Hainan Normal University, CN",57600,0,https://whois.ipip.net/AS138440
496,AS138441,"CNGI-WLQ-IX-AS-AP CERNET2 regional IX at Xinjiang University, CN",95232,0,https://whois.ipip.net/AS138441
497,AS138442,"CNGI-LSA-IX-AS-AP CERNET2 regional IX at Tibet University, CN",22784,0,https://whois.ipip.net/AS138442
498,AS138451,"PINGTAN-AS Pingtan Hotline Co., Limited, CN",256,0,https://whois.ipip.net/AS138451
499,AS138538,"NANBIAN-CN Ningbo Nanbian Tuoluo Xinxi Jishu Co., Ltd, CN",1024,16777216,https://whois.ipip.net/AS138538
500,AS138542,"YUNMENG-AS-AP YUNMENG Co.,LTD., CN",256,0,https://whois.ipip.net/AS138542
501,AS138607,"HHC-AS-AP HK HERBTECK CO.,LIMITED, CN",768,0,https://whois.ipip.net/AS138607
502,AS138667,"LITTLEWOLF-AS-AP LittleWolf Connect, CN",0,4294967296,https://whois.ipip.net/AS138667
503,AS138698,"TLTC-AS Tianjin Longsheng Technology Co., Ltd., CN",512,0,https://whois.ipip.net/AS138698
504,AS138914,"HUAYANG-AS-CN Shenzhen Huayang Technology Co., Ltd., CN",0,393216,https://whois.ipip.net/AS138914
505,AS138950,"CHINATELECOM-JIANGSU-ZHENJIANG-IDC Jiangsu ZhenJiang IDC network, CN",78592,135266304,https://whois.ipip.net/AS138950
506,AS138982,"CHINANET-HUBEI-JIANGXIA-IDC Hubei Jiangxia IDC, CN",7168,0,https://whois.ipip.net/AS138982
507,AS138990,"WOOMAI-AS-AP WooMai Network, CN",0,65536,https://whois.ipip.net/AS138990
508,AS138995,"BILLY-AS-AP Antbox Network, CN",6912,0,https://whois.ipip.net/AS138995
509,AS139007,"UNICOM-NM-WULANCHABU-IDC UNICOM InnerMongolia province network, CN",119296,1074069504,https://whois.ipip.net/AS139007
510,AS139018,"CHINANET-HENAN-LUOYANG-IDC Henan Luoyang IDC, CN",9472,268435456,https://whois.ipip.net/AS139018
511,AS139019,"CHINANET-HENAN-XINXIANG-MAN Henan Xinxiang MAN, CN",53760,0,https://whois.ipip.net/AS139019
512,AS139023,"LSHIY-AS-AP Wuhan LSHIY Network Technology Co., Ltd., CN",0,33619968,https://whois.ipip.net/AS139023
513,AS139057,"BAISHAN-CN Baishan Cloud, CN",512,0,https://whois.ipip.net/AS139057
514,AS139061,"SG-CHINA-CN Societe Generale (China) Limited, CN",512,0,https://whois.ipip.net/AS139061
515,AS139189,"YUJIAHENGTONG Beijing Yu Jia Heng Tong Communications and Information Co., Ltd., CN",1024,0,https://whois.ipip.net/AS139189
516,AS139201,"CHINANET-JIANGXI-JIUJIANG-IDC Jiangxi Jiujiang IDC, CN",13056,402653184,https://whois.ipip.net/AS139201
517,AS139203,"CHINANET-GUIZHOU-GUIAN-IDC Guizhou GuiAn IDC, CN",7680,1048576,https://whois.ipip.net/AS139203
518,AS139205,"GZJIXIAN-AS-AP Guangzhou JiXian Network Technology Co., Ltd, CN",0,262144,https://whois.ipip.net/AS139205
519,AS139216,"HTROY-AS-AP Htroy Network Research Limited, CN",0,65536,https://whois.ipip.net/AS139216
520,AS139226,"LSHIY-IX LSHIY Internet eXchange, CN",0,65536,https://whois.ipip.net/AS139226
521,AS139248,"LICEO-AS-AP Shucheng Li, CN",0,65536,https://whois.ipip.net/AS139248
522,AS139249,"ENMOE-AS-CN ENMOE LTD., CN",0,1114112,https://whois.ipip.net/AS139249
523,AS139266,"GTITCL-AS-AP Guangzhou Tiansui Information Technology Co., Ltd., CN",512,0,https://whois.ipip.net/AS139266
524,AS139317,"ZX-AS-AP ZX Inc., CN",0,67305472,https://whois.ipip.net/AS139317
525,AS139328,"HAIMANETWORK-AS-AP Zhanrui Tian, CN",0,17891328,https://whois.ipip.net/AS139328
526,AS139329,"MESHLAB-AS-AP Meshlab, CN",0,65536,https://whois.ipip.net/AS139329
527,AS139474,"YMIFY-AS-CN Fujian Yuanma Information Technology Co., Ltd., CN",0,65536,https://whois.ipip.net/AS139474
528,AS139584,"CHINANET-JIANGSU-NANJING China Telecom Jiangsu Nanjing MAN network, CN",256,0,https://whois.ipip.net/AS139584
529,AS139589,"GETONG-AS-AP GTDev Network, CN",256,327680,https://whois.ipip.net/AS139589
530,AS139611,"SUZI-AS-AP Beijing Suzi Technology Co. Ltd., CN",256,65536,https://whois.ipip.net/AS139611
531,AS139618,"FY-AS-AP Zhu Hai Shi Fu Yuan Le Yu Technology Limited, CN",0,65536,https://whois.ipip.net/AS139618
532,AS139635,"HYNTCL-AS-AP Hubei Yunwutong Network Technology Co., Ltd., CN",512,0,https://whois.ipip.net/AS139635
533,AS139726,"GYC-AS-AP Guangdong Yunjie Communication Co., Ltd., CN",512,0,https://whois.ipip.net/AS139726
534,AS139742,"PEDDIE-AS-AP Peddie Institute Co., Ltd, CN",256,262144,https://whois.ipip.net/AS139742
535,AS208191,"TOUCHFISHNETWORK, CN",0,131072,https://whois.ipip.net/AS208191
